CustomerId,CreditScore,Geography,Gender,Age,Tenure,Balance,NumOfProducts,HasCrCard,IsActiveMember,EstimatedSalary,Exited
100000,452,France,Male,61,3,155159.24,1,0,0,49694.93,1
100001,785,Germany,Female,23,1,190631.42,4,1,1,27337.13,0
100002,620,France,Female,45,1,183889.55,1,0,1,88131.0,1
100003,456,Spain,Female,62,3,203605.89,1,0,1,76732.83,1
100004,421,Germany,Male,43,5,8046.1,3,0,1,112128.37,0
100005,370,Germany,Female,45,4,11933.45,1,1,0,152317.34,1
100006,471,Germany,Female,57,0,197345.74,1,0,1,31388.06,1
100007,816,Germany,Male,32,9,133269.71,1,1,0,160313.86,0
100008,564,Spain,Male,23,0,144535.17,1,1,1,14995.1,0
100009,680,France,Female,44,5,13146.72,4,0,0,94189.36,0
100010,808,Germany,Female,55,2,63828.45,4,1,1,121611.75,0
100011,437,Spain,Female,21,2,159588.58,4,1,1,191829.75,0
100012,722,Germany,Male,28,6,214795.47,1,1,1,119045.38,0
100013,449,France,Male,38,0,229245.85,4,1,0,40162.35,1
100014,480,Germany,Female,47,0,125104.87,2,0,1,108332.94,0
100015,658,Spain,Male,35,9,136368.56,2,1,1,85198.95,0
100016,693,France,Female,52,2,208262.41,2,0,1,101077.56,1
100017,841,Spain,Female,20,7,134406.15,3,1,1,47448.43,0
100018,763,France,Male,79,0,129214.63,1,0,0,105157.14,1
100019,735,France,Female,29,9,226271.01,3,0,0,38507.56,1
100020,541,France,Male,44,3,197483.18,4,1,0,151368.19,1
100021,626,Germany,Male,70,8,227268.13,1,1,0,122842.19,1
100022,510,Spain,Female,47,3,54561.76,2,1,1,24920.26,0
100023,809,Spain,Male,38,9,131093.87,1,1,1,179026.75,0
100024,663,Spain,Female,55,7,210618.03,3,1,1,127112.12,1
100025,371,France,Male,38,6,27786.96,4,0,0,70060.34,0
100026,602,Germany,Female,77,2,198665.54,4,0,1,18672.06,1
100027,824,France,Female,55,6,45743.35,3,0,0,130123.07,1
100028,408,Spain,Female,57,6,202029.69,1,1,0,80953.65,1
100029,860,Germany,Male,32,9,153000.23,3,1,0,182447.44,1
100030,825,Germany,Female,35,2,48309.0,4,1,1,16626.79,0
100031,539,Germany,Male,69,1,118338.54,2,0,1,17429.46,0
100032,593,Spain,Male,46,8,170476.29,4,1,1,190366.86,0
100033,854,Germany,Male,65,0,158463.23,4,0,0,193326.05,1
100034,480,Germany,Male,55,6,106811.8,1,0,1,15271.02,0
100035,834,France,Male,77,3,224841.63,2,1,1,146046.31,1
100036,370,France,Female,38,1,129815.85,4,0,0,52084.02,0
100037,516,Germany,Male,34,1,126466.82,2,0,1,143264.63,0
100038,623,Germany,Female,58,7,15562.65,3,0,1,175059.23,0
100039,737,France,Female,68,6,230530.1,1,1,0,29157.98,1
100040,665,France,Male,35,6,44279.14,2,0,0,55365.62,0
100041,363,France,Female,74,4,132086.17,2,1,1,14574.76,0
100042,591,Spain,Female,72,9,200891.9,1,1,0,18327.67,1
100043,695,Spain,Male,54,7,53863.32,3,0,1,15627.39,0
100044,689,France,Female,77,1,131843.32,2,1,1,162129.65,0
100045,441,Germany,Male,55,1,60171.23,1,0,0,66675.61,1
100046,716,France,Male,29,4,189923.75,4,1,0,103710.17,1
100047,804,Spain,Male,28,0,141085.29,1,1,0,159690.41,0
100048,777,Germany,Female,65,5,213993.97,4,1,0,104039.3,1
100049,858,Spain,Female,69,3,223639.5,2,1,1,91547.25,1
100050,384,Germany,Female,66,5,162183.37,2,1,0,12198.91,1
100051,555,Spain,Female,37,6,181347.81,2,1,0,117927.51,1
100052,430,Germany,Male,26,2,137305.02,3,1,0,33701.18,0
100053,737,Germany,Male,18,10,96107.18,3,0,0,155283.17,0
100054,351,Germany,Female,75,7,162029.48,4,0,1,58970.17,1
100055,739,Germany,Male,20,6,227072.16,1,0,0,138095.61,1
100056,455,Spain,Female,38,0,104170.1,4,1,0,132782.47,0
100057,826,Spain,Male,40,5,78602.51,1,0,1,127168.36,0
100058,751,Germany,Male,26,6,97109.23,2,1,0,60720.88,0
100059,511,Germany,Male,71,10,108849.41,1,1,1,60747.06,0
100060,551,Spain,Male,36,3,18390.26,3,1,1,173979.13,0
100061,619,Germany,Male,62,1,124610.46,1,1,1,12433.39,1
100062,620,Germany,Female,72,9,123578.56,1,1,1,44489.3,1
100063,805,Germany,Female,63,8,147110.96,2,1,0,125932.47,1
100064,811,France,Male,69,6,90705.01,2,1,1,165238.79,0
100065,601,Germany,Female,36,0,153276.9,3,1,0,78085.65,1
100066,645,France,Male,79,7,219554.08,1,0,1,134154.26,1
100067,687,Germany,Male,40,2,238867.75,1,1,1,115859.72,0
100068,402,Spain,Male,44,3,145903.05,1,0,0,22262.62,1
100069,566,France,Male,44,4,10647.74,2,0,0,128132.54,0
100070,537,France,Female,56,0,242309.0,3,1,1,164641.66,1
100071,729,Germany,Male,53,5,176465.52,1,0,0,198565.18,1
100072,842,Germany,Female,29,9,83990.91,1,1,1,15631.61,0
100073,390,France,Male,72,5,36789.43,1,0,0,135411.05,1
100074,506,Spain,Male,44,1,35854.65,1,1,1,88764.42,0
100075,364,Spain,Female,63,10,41936.1,3,0,0,11859.7,1
100076,414,Germany,Male,51,9,11393.13,3,1,0,126728.58,1
100077,870,Spain,Male,50,5,225538.55,3,0,1,33261.19,0
100078,693,Spain,Female,45,7,135192.06,2,1,1,81927.7,0
100079,478,Germany,Female,48,5,174989.85,1,1,1,59659.75,0
100080,821,Spain,Female,49,3,207027.13,1,0,0,78621.05,1
100081,412,Germany,Male,67,3,197885.25,1,0,0,103612.16,1
100082,488,France,Male,37,8,220651.41,1,0,1,78249.81,1
100083,848,Germany,Female,57,5,241813.66,4,0,0,115019.06,1
100084,741,France,Female,52,7,109767.65,3,1,1,55343.44,0
100085,768,France,Male,48,7,237583.87,4,0,0,130718.74,1
100086,638,Spain,Male,75,6,180822.49,4,0,0,172214.97,1
100087,728,Spain,Female,48,2,17667.05,2,1,0,52572.74,0
100088,839,Spain,Female,55,9,170445.78,2,1,1,106496.67,0
100089,580,Germany,Female,39,0,171679.16,1,1,0,133251.06,1
100090,390,Spain,Female,62,4,226465.14,4,0,0,117278.96,1
100091,377,France,Male,58,9,93233.03,4,0,0,79473.39,1
100092,484,Spain,Male,26,9,146227.88,3,0,0,132017.94,0
100093,550,Spain,Male,69,1,3046.89,4,0,1,15366.78,0
100094,382,Germany,Male,26,9,83018.81,2,1,0,80282.18,0
100095,397,Germany,Female,32,1,15560.93,4,0,0,111196.32,0
100096,852,France,Male,30,6,130468.24,2,0,0,13916.5,0
100097,756,Germany,Female,39,10,204361.91,1,1,0,106453.28,1
100098,448,Spain,Male,33,2,51610.67,2,1,1,134308.35,0
100099,896,Germany,Male,49,7,131860.26,1,1,0,154249.46,0
100100,811,France,Male,19,8,51002.16,3,0,0,31541.08,0
100101,354,Spain,Female,43,7,30172.12,1,0,0,198207.33,1
100102,567,France,Male,31,5,127749.2,4,1,0,125171.86,0
100103,852,Germany,Female,76,4,19787.16,2,0,1,79006.82,0
100104,747,Germany,Female,55,2,146838.66,1,0,0,57327.64,1
100105,742,France,Male,51,2,7834.37,1,1,0,118850.4,1
100106,556,Spain,Female,25,6,26678.74,1,1,1,177525.21,0
100107,364,Germany,Male,53,4,137499.37,1,1,0,108907.43,1
100108,810,Germany,Female,38,5,147851.85,1,0,1,135679.69,0
100109,590,Spain,Male,73,5,7246.73,1,0,0,77962.32,1
100110,445,Germany,Female,63,8,143344.2,2,0,0,83748.93,1
100111,834,France,Female,60,0,209625.63,4,1,0,64373.27,1
100112,756,Germany,Male,73,7,180579.04,4,0,0,144071.09,1
100113,580,Germany,Male,45,9,32796.28,1,0,0,78245.64,1
100114,520,Spain,Male,63,4,148118.66,2,1,0,46236.12,1
100115,890,France,Male,61,5,168063.13,1,0,0,80186.11,1
100116,385,Spain,Female,65,5,9307.8,3,0,0,172227.17,1
100117,874,Germany,Female,23,0,213836.92,4,1,0,150267.89,1
100118,509,Germany,Female,37,2,226566.85,1,1,0,73581.76,1
100119,592,Spain,Female,48,5,212613.07,2,1,0,182293.7,1
100120,435,Spain,Male,50,10,206157.87,4,1,0,24218.2,1
100121,377,Spain,Female,61,10,186241.3,2,1,1,19453.22,1
100122,689,France,Male,24,8,158358.01,3,0,0,34219.37,1
100123,680,Germany,Female,25,5,169656.75,1,1,1,32126.4,0
100124,855,Spain,Male,26,5,201598.82,3,1,1,26688.52,0
100125,697,Germany,Male,19,0,165624.61,4,1,0,135655.1,1
100126,822,France,Male,34,8,81931.74,1,0,1,124160.05,0
100127,580,France,Male,69,3,93990.28,4,0,0,133045.05,1
100128,539,France,Male,62,1,224264.37,1,1,0,140789.55,1
100129,574,France,Female,54,0,4280.52,2,0,1,153807.15,0
100130,734,Germany,Male,59,2,174705.15,4,0,1,49363.62,1
100131,726,France,Female,61,2,238694.39,3,0,1,128237.67,0
100132,632,France,Female,34,4,176557.04,3,1,0,120209.25,1
100133,608,Spain,Male,70,0,248478.0,2,0,1,189295.4,1
100134,708,France,Female,55,6,171886.23,2,0,1,54149.87,1
100135,805,Spain,Female,52,0,8590.76,3,1,1,21157.36,0
100136,760,France,Female,77,3,206752.47,2,1,0,134164.06,1
100137,667,France,Male,64,5,71157.48,1,0,0,150632.84,1
100138,574,Spain,Male,56,0,111514.31,3,1,1,63807.24,0
100139,583,France,Male,47,6,78022.98,4,1,1,118461.2,0
100140,723,Germany,Male,23,9,67138.53,3,1,1,21311.85,0
100141,821,Germany,Female,21,6,107851.43,2,1,1,192408.52,0
100142,582,France,Female,68,2,94687.86,1,0,1,30885.74,1
100143,462,Germany,Female,54,3,158334.65,4,1,1,22838.4,1
100144,846,Spain,Female,52,5,203287.8,3,1,1,18380.93,1
100145,791,France,Female,75,10,74272.16,3,0,0,91181.66,1
100146,617,France,Female,74,6,53430.29,4,1,1,28460.35,0
100147,859,Spain,Male,26,3,166723.82,1,0,1,151483.17,1
100148,735,Spain,Female,23,9,167580.02,2,1,0,180786.09,1
100149,736,Spain,Female,30,10,225282.81,2,0,1,59441.6,0
100150,462,France,Female,76,8,3986.42,2,1,0,129466.89,1
100151,430,Spain,Male,39,8,213260.17,2,1,1,18044.3,0
100152,462,Spain,Female,45,8,130250.54,4,0,0,83447.25,0
100153,351,Germany,Female,47,9,155325.52,1,0,1,65659.0,0
100154,569,Germany,Male,69,5,22842.86,1,0,1,53437.63,0
100155,574,France,Female,53,1,108153.73,3,0,0,132497.46,1
100156,734,Germany,Male,19,1,56825.6,3,0,0,34743.31,0
100157,752,Germany,Male,75,10,63556.26,1,1,0,173535.0,1
100158,479,Spain,Female,53,3,126023.78,3,0,1,136318.82,0
100159,402,Spain,Female,25,8,203113.99,1,1,1,145039.68,0
100160,765,Germany,Male,62,2,185945.23,4,0,1,187715.42,1
100161,596,Germany,Female,59,5,147749.99,4,0,1,189050.85,0
100162,788,Germany,Female,67,1,134854.55,2,1,1,114813.94,0
100163,552,France,Male,26,0,106826.51,1,1,0,104122.17,0
100164,533,France,Male,79,4,243177.49,4,1,1,73722.51,1
100165,472,France,Female,18,7,140048.14,1,1,0,145958.61,0
100166,750,Germany,Male,30,9,63491.6,3,0,0,112259.69,0
100167,643,Germany,Female,67,9,57522.7,1,1,1,187246.27,1
100168,629,France,Female,32,1,152838.26,2,0,1,55338.93,0
100169,547,France,Female,49,9,130706.88,2,0,0,68948.01,0
100170,860,Germany,Female,51,8,1924.45,4,0,1,70057.19,0
100171,493,Spain,Male,60,7,207516.34,3,1,0,163139.71,1
100172,550,France,Female,78,2,176030.59,3,1,1,28817.66,0
100173,473,Germany,Male,48,0,165457.32,1,1,0,96573.33,1
100174,536,Germany,Female,31,3,17195.16,3,1,1,91240.34,0
100175,675,Spain,Female,71,7,90513.96,2,1,1,23896.53,0
100176,813,Germany,Male,64,2,233845.57,4,1,1,88051.43,0
100177,698,Germany,Female,31,9,215647.31,4,0,0,107541.82,1
100178,752,France,Male,65,1,71385.73,4,1,1,22369.89,0
100179,695,France,Male,72,6,39264.72,3,0,0,106873.8,1
100180,860,Spain,Female,46,3,112271.99,3,0,1,192255.2,0
100181,496,Spain,Female,64,5,88957.59,2,1,1,195993.72,0
100182,497,Germany,Female,36,4,170556.59,1,1,0,111019.16,1
100183,838,France,Female,44,1,241608.7,1,1,0,107868.42,1
100184,687,Spain,Male,26,9,90750.36,4,1,0,64246.55,0
100185,822,Spain,Female,54,1,15556.04,4,0,1,199451.94,0
100186,500,Spain,Female,54,8,224403.5,3,1,1,62103.54,0
100187,764,Germany,Female,60,10,9487.43,4,1,1,96051.25,0
100188,647,France,Female,45,9,238191.47,2,0,1,10557.47,0
100189,612,Spain,Female,69,1,166144.86,2,0,1,76354.14,1
100190,493,France,Male,74,7,235422.3,4,1,1,23573.66,0
100191,695,Spain,Female,41,7,49914.92,4,0,1,151326.71,0
100192,351,Spain,Male,45,0,10174.95,4,1,0,116592.75,0
100193,653,France,Female,53,0,122052.49,4,1,1,118712.66,0
100194,603,France,Female,69,3,112655.85,4,0,0,64437.14,1
100195,802,France,Female,35,1,82873.07,2,0,1,164830.3,0
100196,386,Germany,Male,42,0,239414.12,1,1,0,10621.48,1
100197,509,Spain,Female,52,8,205645.93,2,1,0,73384.22,1
100198,358,Germany,Male,21,2,165395.51,2,1,0,135304.52,1
100199,582,France,Male,31,0,40714.57,4,0,1,182505.28,0
100200,448,Spain,Female,56,1,183580.85,1,0,0,54577.03,1
100201,557,Germany,Male,43,7,181753.11,4,1,0,112809.01,1
100202,480,Spain,Female,25,4,106267.04,2,1,0,112218.37,0
100203,753,Germany,Female,41,10,231196.48,1,0,0,176093.13,1
100204,501,France,Male,33,6,41744.47,3,1,1,19598.21,0
100205,403,Germany,Female,37,5,66834.39,4,0,1,90650.36,0
100206,469,Spain,Female,32,0,15806.08,3,1,1,44668.48,0
100207,769,Spain,Male,24,5,198862.74,3,0,1,14091.19,0
100208,771,Spain,Male,75,10,155439.85,3,1,0,37935.88,1
100209,453,Spain,Male,34,6,78735.08,3,1,1,195529.43,0
100210,603,France,Male,39,3,40953.42,1,1,0,50821.22,1
100211,576,Germany,Male,39,7,10036.94,4,0,1,187655.85,0
100212,461,France,Male,71,7,41686.39,1,1,0,48998.33,1
100213,859,France,Female,29,6,113321.16,4,1,0,186946.09,0
100214,822,France,Male,35,10,61794.24,4,1,0,134377.98,0
100215,448,Spain,Male,73,1,64745.54,4,1,0,31511.53,1
100216,502,Spain,Female,63,5,218894.09,1,1,1,120563.88,1
100217,687,Spain,Female,64,5,128784.42,2,1,1,70517.67,0
100218,512,Germany,Male,32,6,182312.99,3,0,0,82799.1,1
100219,510,Spain,Male,54,5,8927.74,2,0,0,93632.48,1
100220,747,Germany,Female,33,1,91290.84,2,1,1,90314.33,0
100221,626,Spain,Male,22,7,119792.34,2,1,1,136180.69,0
100222,853,Spain,Male,19,3,46604.21,3,0,1,155989.93,0
100223,741,France,Female,69,8,30047.89,2,0,0,72543.76,1
100224,484,France,Male,45,7,217575.94,3,1,0,185629.15,1
100225,544,France,Female,74,2,234857.91,3,0,0,188308.6,1
100226,750,Germany,Male,58,2,19701.67,3,1,0,17731.18,1
100227,382,Germany,Female,71,7,87254.68,4,1,1,12832.67,0
100228,809,Spain,Female,44,1,239571.41,4,0,0,90762.6,1
100229,819,Germany,Female,48,8,20790.43,2,1,1,122222.6,0
100230,724,Spain,Male,58,3,160910.34,4,1,0,62801.9,1
100231,371,Germany,Female,53,5,243055.34,3,1,1,59288.61,0
100232,387,Germany,Male,64,2,244555.92,4,1,0,138883.43,1
100233,579,Germany,Female,60,2,117805.83,3,0,1,124323.81,0
100234,714,France,Female,18,2,40687.28,1,0,1,41757.91,0
100235,787,Germany,Female,67,10,50521.08,4,0,0,178055.18,1
100236,632,France,Male,46,9,222400.35,2,1,1,139195.45,0
100237,376,France,Male,18,1,227920.75,1,0,1,78889.49,0
100238,575,Germany,Female,25,7,151969.91,1,0,1,139888.69,0
100239,626,Spain,Male,74,8,191544.1,4,0,0,31404.09,1
100240,633,Spain,Male,33,7,184982.81,4,1,0,98968.66,1
100241,830,Spain,Male,75,9,165455.4,2,1,0,42107.04,1
100242,802,Germany,Female,45,2,206819.24,1,1,0,17871.94,1
100243,865,Spain,Male,39,6,171351.66,3,1,1,74281.99,0
100244,896,France,Female,35,10,133500.58,4,1,1,38639.74,0
100245,541,Spain,Female,39,9,59239.09,1,0,0,130368.41,1
100246,398,Germany,Female,58,1,185972.04,1,0,1,138072.9,1
100247,861,Spain,Male,29,3,118359.47,3,0,0,38251.54,0
100248,366,France,Female,36,5,73697.92,1,1,0,14676.47,1
100249,521,Germany,Male,42,10,200486.57,4,0,1,160634.01,0
100250,569,Spain,Male,67,4,174178.4,3,0,0,10390.83,1
100251,507,Germany,Female,76,8,234334.89,4,1,1,75343.49,1
100252,826,Germany,Female,22,9,41360.41,2,1,0,103970.83,0
100253,395,Germany,Female,76,3,162297.32,1,1,0,165542.02,1
100254,722,Spain,Male,51,4,61059.87,4,1,0,169326.14,1
100255,867,Germany,Male,56,3,225895.75,4,0,1,147738.49,0
100256,448,Spain,Female,76,7,24874.85,2,1,0,56967.55,1
100257,386,France,Female,27,7,164040.45,1,1,1,146835.52,0
100258,629,Spain,Male,64,2,197771.43,4,1,0,56842.45,1
100259,698,France,Male,74,0,88729.46,3,0,0,50775.56,1
100260,846,Spain,Female,24,5,238534.52,4,0,1,113954.31,0
100261,651,Germany,Male,77,1,212682.67,4,0,1,138982.34,1
100262,530,Spain,Male,54,1,73654.57,4,0,1,20079.84,0
100263,448,Germany,Male,64,2,1885.27,4,0,1,21404.29,0
100264,465,France,Male,69,7,74164.29,1,1,1,158992.43,0
100265,540,Spain,Male,77,2,70327.62,4,1,1,173304.48,0
100266,602,Germany,Male,69,6,222491.15,2,1,0,124843.77,1
100267,510,France,Female,32,9,241780.29,4,0,1,91477.32,0
100268,605,France,Male,59,9,17610.0,3,1,0,170610.13,1
100269,672,Spain,Female,41,8,117823.71,3,0,0,148475.24,0
100270,477,France,Female,43,7,137083.0,4,0,0,120122.9,0
100271,367,Germany,Male,78,0,23227.92,4,1,1,70753.85,0
100272,672,France,Female,43,6,94374.43,2,1,0,47619.06,0
100273,637,France,Female,63,6,79270.6,2,1,0,89547.88,1
100274,504,Germany,Female,43,7,134014.09,1,1,0,64496.29,1
100275,839,France,Male,75,9,165297.72,1,0,1,74459.13,1
100276,735,France,Female,27,4,175871.28,3,0,0,107969.9,1
100277,453,France,Male,34,9,34188.76,4,0,1,42127.85,0
100278,742,France,Female,70,8,203236.93,4,1,0,163173.57,1
100279,595,Germany,Female,31,8,169635.51,2,0,1,37650.6,0
100280,525,France,Female,19,7,222268.73,2,1,1,101388.79,0
100281,388,Germany,Female,65,5,112334.01,1,0,0,151734.55,1
100282,826,France,Male,30,5,223472.44,1,1,0,102153.93,1
100283,887,France,Female,44,0,216443.53,3,0,1,78594.19,0
100284,757,France,Female,26,5,109602.33,2,1,1,100229.35,0
100285,874,France,Male,24,3,95285.83,4,1,1,171247.43,0
100286,855,Germany,Male,65,3,233203.0,2,0,0,198182.02,1
100287,385,Germany,Male,27,1,178791.18,2,1,0,129917.22,1
100288,369,Germany,Female,73,10,232061.34,2,0,0,160754.37,1
100289,670,Spain,Male,71,3,199243.69,1,1,0,12752.85,1
100290,861,France,Male,26,4,152324.36,4,0,0,177269.24,1
100291,749,France,Male,39,4,28963.19,4,1,1,191269.45,0
100292,820,Germany,Male,40,4,72870.17,1,0,1,119282.17,0
100293,492,Spain,Male,24,3,242210.6,1,0,1,153222.92,1
100294,441,France,Male,65,0,79855.52,4,0,1,107421.5,0
100295,703,Germany,Female,26,9,23313.72,3,0,1,64378.71,0
100296,400,France,Male,44,7,176888.34,2,1,1,171927.11,0
100297,539,France,Female,41,2,183501.06,4,1,0,123398.98,1
100298,474,Germany,Male,46,1,71364.43,1,0,1,120082.79,0
100299,499,Germany,Male,34,8,74417.99,4,0,0,135235.12,0
100300,663,France,Male,37,6,117223.25,2,1,0,172640.6,0
100301,691,France,Female,24,8,5447.24,4,0,0,149062.16,0
100302,654,Germany,Male,60,1,197330.75,1,0,0,50113.6,1
100303,403,France,Male,57,8,79272.2,3,0,1,98696.47,0
100304,793,France,Male,24,9,213440.78,1,1,1,196256.68,0
100305,613,Germany,Male,45,8,200657.61,3,0,0,115366.54,1
100306,402,France,Female,36,10,165350.51,2,1,0,188266.62,1
100307,354,France,Female,37,8,81218.72,1,1,1,164540.2,0
100308,452,Spain,Female,61,9,129079.14,4,1,1,136544.45,0
100309,545,Germany,Female,56,9,111207.31,1,0,1,76379.39,0
100310,699,Spain,Female,57,3,84720.47,1,0,0,67820.68,1
100311,396,Spain,Male,24,9,212034.07,2,0,1,132250.0,0
100312,618,Spain,Male,23,2,120876.77,3,1,1,92186.64,0
100313,719,France,Male,42,5,208180.77,3,0,0,161763.19,1
100314,455,France,Female,58,2,26304.62,4,0,0,154486.78,1
100315,469,Spain,Male,76,10,35256.2,1,1,1,69304.79,1
100316,407,Spain,Female,30,8,244330.08,2,1,0,143518.47,1
100317,695,Spain,Male,56,2,146942.12,3,1,0,103964.54,1
100318,823,France,Female,57,1,127442.42,4,0,0,71425.5,1
100319,466,Spain,Male,39,7,130789.02,3,0,0,88463.65,0
100320,476,Spain,Male,66,5,53817.19,4,0,0,180116.85,1
100321,742,Germany,Male,34,7,179675.99,3,1,1,78308.36,0
100322,407,Germany,Male,65,6,21195.16,4,0,1,64605.86,0
100323,862,France,Female,39,2,143330.93,3,1,1,76843.37,0
100324,445,Germany,Male,51,7,142692.2,3,0,1,50777.5,0
100325,467,Germany,Male,79,9,228547.11,1,0,1,113480.65,1
100326,837,Germany,Male,25,0,131545.7,4,0,0,38012.92,0
100327,586,France,Female,66,0,34265.67,4,0,1,165314.32,0
100328,621,Germany,Male,62,9,143188.31,1,0,1,52860.25,0
100329,538,France,Male,35,7,22831.91,1,1,0,123630.46,1
100330,796,Spain,Male,41,8,50948.46,3,1,1,33754.84,0
100331,596,Germany,Male,77,9,7777.15,3,0,1,195906.1,0
100332,425,France,Male,71,5,128323.4,3,0,1,96369.34,0
100333,503,Germany,Female,77,4,21133.15,1,1,1,166212.55,0
100334,784,Spain,Female,59,1,117348.59,3,0,0,156043.09,1
100335,435,France,Female,19,10,233236.26,1,1,0,145601.68,1
100336,634,France,Male,19,8,179940.35,3,0,0,167199.33,1
100337,569,France,Female,44,5,19352.92,1,0,0,29088.09,1
100338,418,Spain,Male,31,7,56052.45,4,1,1,138914.47,0
100339,396,Spain,Male,65,8,168415.6,2,1,1,60507.17,1
100340,443,Spain,Male,56,8,223675.47,3,0,1,159315.62,1
100341,802,France,Male,70,7,8229.65,3,1,1,191805.06,0
100342,553,Spain,Female,70,9,203112.78,1,1,1,181283.01,1
100343,567,Germany,Female,73,7,140453.47,4,0,1,31840.92,0
100344,823,Spain,Female,29,2,136522.83,4,0,1,80214.96,0
100345,781,France,Male,49,2,239453.3,3,0,0,79221.32,1
100346,690,Germany,Female,45,1,186911.15,1,0,0,33236.29,1
100347,638,Spain,Female,72,0,212529.72,1,1,0,28643.95,1
100348,603,Germany,Male,45,3,88498.89,2,0,0,83129.13,0
100349,706,Germany,Female,63,1,138591.01,4,0,0,198493.59,1
100350,372,France,Male,42,1,153851.42,2,1,0,118099.1,1
100351,871,Germany,Female,21,10,80395.99,4,1,0,128138.51,0
100352,449,Germany,Female,43,10,142562.03,3,0,1,99493.59,0
100353,529,France,Female,53,4,59163.84,3,0,1,135842.8,0
100354,572,France,Male,67,3,35843.92,1,1,1,191765.8,1
100355,791,France,Female,20,0,93492.56,1,0,1,121852.61,0
100356,674,Germany,Female,18,8,184822.41,1,1,0,22357.31,1
100357,865,Germany,Female,34,3,229046.79,4,1,0,103649.21,1
100358,365,Germany,Female,24,4,114428.51,1,1,0,198622.74,1
100359,685,France,Male,79,6,160705.92,3,0,0,83606.52,1
100360,607,Spain,Male,65,1,25759.28,2,0,1,122837.44,0
100361,846,Germany,Female,79,7,226115.94,3,1,1,30260.99,1
100362,509,Spain,Female,22,10,142151.05,3,0,1,36824.29,0
100363,824,France,Female,36,1,195084.56,3,1,1,176189.48,0
100364,729,Germany,Male,56,10,198610.3,2,0,0,67065.48,1
100365,894,Spain,Female,63,9,64120.13,3,0,0,68035.74,1
100366,776,Germany,Female,51,4,132293.61,4,1,1,83570.47,0
100367,617,Germany,Male,52,1,240119.94,4,0,1,193630.95,0
100368,766,Germany,Male,66,1,22408.64,2,0,1,26034.19,0
100369,517,Spain,Male,33,3,170762.47,4,0,1,165565.18,0
100370,392,France,Female,57,3,240566.02,1,1,1,74896.0,1
100371,634,Germany,Male,67,7,75144.28,4,0,1,171398.92,0
100372,746,France,Male,64,5,215361.98,3,1,0,198433.57,1
100373,361,France,Female,56,9,233414.39,4,0,0,76246.81,1
100374,651,Spain,Male,44,7,186771.55,1,0,1,34577.71,1
100375,602,Spain,Female,58,6,57832.08,1,0,0,37431.34,1
100376,848,France,Female,55,9,83500.18,1,1,0,154160.77,1
100377,384,Germany,Male,67,3,8952.32,3,1,0,37535.09,1
100378,439,Spain,Female,67,1,207863.31,1,1,1,59480.1,1
100379,767,Germany,Male,42,8,212402.8,3,0,0,48835.69,1
100380,464,Germany,Male,43,1,158177.58,1,0,0,77578.93,1
100381,545,Germany,Male,73,0,88131.96,3,0,0,24129.65,1
100382,850,France,Female,31,7,19202.76,3,1,0,172781.07,0
100383,842,Germany,Male,31,9,188264.4,3,0,0,173427.8,1
100384,424,France,Female,31,8,181631.55,4,0,0,88457.25,1
100385,762,France,Female,42,0,228150.63,1,1,0,126296.64,1
100386,725,Germany,Female,53,6,182633.01,3,0,1,131970.8,1
100387,769,Germany,Male,21,1,207173.74,1,1,0,152359.04,1
100388,626,Germany,Female,64,5,186488.65,4,0,0,108931.12,1
100389,743,Germany,Female,32,10,157671.8,2,0,0,106963.85,1
100390,806,France,Male,49,4,106741.6,1,0,1,129947.72,0
100391,541,Germany,Male,35,0,225529.33,1,0,0,143579.2,1
100392,448,Germany,Female,31,1,162742.14,4,0,1,75871.17,0
100393,897,France,Female,75,1,99588.83,3,1,0,72770.39,1
100394,445,Spain,Male,18,9,20867.32,1,0,1,61246.5,0
100395,539,Spain,Female,59,9,72676.21,2,0,1,114280.85,0
100396,386,France,Female,78,5,135931.68,4,1,1,78429.58,0
100397,718,Spain,Female,37,10,68908.84,3,1,0,112659.52,0
100398,874,France,Female,27,0,55308.84,1,1,1,87137.11,0
100399,628,Germany,Male,27,10,131848.38,1,0,0,168979.49,1
100400,566,Germany,Female,76,3,42455.09,4,1,0,23894.75,1
100401,622,Spain,Male,41,9,200102.52,3,1,0,118720.01,1
100402,411,Germany,Female,51,10,121092.04,3,1,1,119368.51,0
100403,691,Spain,Male,78,4,143465.69,4,1,0,82906.29,1
100404,746,Spain,Female,45,1,36845.82,1,0,1,89993.97,0
100405,368,Germany,Male,44,1,81144.08,1,1,0,162024.96,1
100406,526,Germany,Female,57,6,102522.42,3,1,0,63328.0,1
100407,745,Spain,Male,18,6,202053.21,3,0,0,175566.72,1
100408,794,Germany,Female,50,5,192539.88,2,0,0,180305.23,1
100409,582,France,Female,21,0,55744.37,2,1,0,133617.67,0
100410,425,Germany,Male,24,2,154044.77,2,0,0,156842.97,1
100411,614,Germany,Male,26,8,60864.09,3,1,0,126460.03,0
100412,804,France,Male,33,9,247061.79,3,0,1,109799.23,0
100413,733,Germany,Male,22,0,238030.97,3,0,0,193668.77,1
100414,855,Germany,Male,51,1,140816.18,1,1,0,63704.44,1
100415,716,Spain,Female,77,7,174725.64,4,0,1,39288.68,1
100416,493,Germany,Male,40,6,200357.6,3,0,1,64622.22,0
100417,418,Germany,Male,60,8,180249.61,1,1,1,126778.87,1
100418,448,France,Female,67,9,174957.17,3,1,0,45184.85,1
100419,745,Spain,Male,42,3,239638.5,4,0,1,182674.67,0
100420,374,Spain,Male,74,3,149114.03,3,0,0,88094.64,1
100421,818,Spain,Male,68,6,159075.67,1,1,1,171492.95,1
100422,833,Germany,Female,30,0,212317.19,3,0,0,57354.94,1
100423,500,Spain,Male,41,9,167472.72,3,1,1,69501.99,0
100424,493,France,Female,28,8,183233.16,3,0,0,21252.45,1
100425,388,Spain,Female,69,1,58542.17,2,0,0,58975.86,1
100426,458,France,Male,68,0,92816.73,3,1,0,103159.63,1
100427,391,Spain,Female,34,6,36825.34,1,1,1,189766.01,0
100428,535,Spain,Male,54,5,126441.36,1,0,1,83891.57,0
100429,747,France,Male,30,2,113931.85,1,0,1,131551.34,0
100430,572,Spain,Male,79,0,249290.7,3,0,1,91264.92,0
100431,482,Spain,Male,44,4,152802.16,4,0,1,18890.45,0
100432,512,Spain,Male,37,9,196611.21,1,1,0,105671.2,1
100433,564,Germany,Female,50,3,83503.67,2,0,1,22523.59,0
100434,584,France,Female,59,4,207886.33,4,0,0,177902.99,1
100435,358,Spain,Female,49,0,153771.24,1,1,0,153077.02,1
100436,423,France,Female,25,0,174248.08,3,1,0,81943.78,1
100437,841,France,Male,73,4,73607.69,2,1,0,131641.55,1
100438,602,France,Male,46,5,137159.6,1,0,1,31285.35,0
100439,579,Spain,Female,57,4,158509.24,2,1,1,143485.45,0
100440,868,Spain,Male,36,1,147273.67,4,1,1,166319.16,0
100441,523,France,Female,23,8,228798.43,1,0,1,166131.67,0
100442,517,Germany,Female,61,4,224568.17,3,1,1,64012.73,0
100443,519,France,Female,77,10,242746.01,2,1,1,60111.78,1
100444,742,Germany,Female,56,10,166857.0,1,0,0,109065.56,1
100445,543,France,Male,65,4,242978.53,4,1,1,193876.71,1
100446,866,France,Male,58,9,208119.5,4,0,0,184899.37,1
100447,378,France,Female,38,8,67708.04,1,1,0,78331.31,1
100448,514,Spain,Female,74,2,106858.92,4,1,0,158167.61,1
100449,771,Germany,Female,39,4,59598.11,2,1,0,185050.38,0
100450,688,Germany,Female,59,4,1049.29,2,0,1,59576.03,0
100451,845,France,Female,27,1,47012.19,2,1,1,167756.17,0
100452,714,Spain,Male,27,10,1015.15,2,1,0,60900.17,0
100453,691,Spain,Female,69,3,179959.62,4,1,1,75223.6,1
100454,849,Germany,Female,46,10,106383.57,1,1,0,47775.93,1
100455,860,Spain,Male,33,10,78143.68,4,0,0,106345.16,0
100456,676,Germany,Male,18,1,190430.22,4,1,0,170229.07,1
100457,566,Germany,Male,34,4,208121.69,1,1,0,110329.91,1
100458,650,Germany,Male,47,9,243824.88,1,1,1,33453.6,0
100459,481,Spain,Male,43,1,160503.4,3,1,0,57837.43,1
100460,419,Germany,Male,70,9,115382.24,2,0,1,116943.75,0
100461,601,Germany,Male,78,8,76316.08,1,0,0,120805.62,1
100462,764,France,Male,63,9,55579.55,4,0,1,119612.12,0
100463,794,Germany,Male,36,5,53231.49,2,1,1,24630.66,0
100464,531,Germany,Female,70,7,102297.34,2,0,1,153202.22,0
100465,516,France,Male,38,8,247946.59,4,0,0,182791.36,1
100466,440,France,Female,34,7,213.42,1,0,0,106998.6,1
100467,880,Spain,Female,63,4,49301.47,2,1,1,146577.56,0
100468,388,Germany,Female,57,4,47098.25,2,1,1,183662.94,0
100469,475,Spain,Female,38,5,179279.87,2,0,0,132098.32,1
100470,800,Spain,Female,70,0,88121.18,2,1,1,138121.89,0
100471,522,France,Female,58,10,114315.2,2,1,1,147066.84,0
100472,569,Spain,Female,57,7,37156.03,4,1,1,59495.47,0
100473,407,Germany,Female,62,1,101249.26,1,0,0,120708.8,1
100474,825,France,Male,66,5,25799.95,1,1,0,170013.27,1
100475,805,Germany,Female,36,8,133260.82,2,1,0,66270.92,0
100476,710,Germany,Female,77,2,24484.59,2,0,0,180462.39,1
100477,350,France,Female,24,1,197627.1,2,1,0,127872.57,1
100478,736,Germany,Female,34,9,141650.43,4,1,0,90403.22,0
100479,697,France,Male,18,4,180991.97,4,0,1,128404.76,0
100480,539,Germany,Female,54,10,104629.1,3,0,1,86353.38,0
100481,854,France,Male,74,8,95372.82,2,1,1,169226.76,0
100482,540,Spain,Male,23,5,24552.22,3,1,1,101640.53,0
100483,857,Germany,Female,43,7,130963.9,3,1,1,181230.54,0
100484,718,France,Female,19,7,128625.54,3,0,1,106863.54,0
100485,758,Germany,Male,76,6,117025.51,1,0,0,135469.99,1
100486,466,Germany,Female,49,4,185129.59,3,1,1,199571.44,0
100487,483,Germany,Female,74,1,208126.1,2,1,1,37923.51,0
100488,407,France,Male,65,9,187697.42,4,1,0,149978.54,1
100489,522,Spain,Male,71,9,35966.44,2,1,0,36385.72,1
100490,498,Spain,Female,22,4,155514.88,4,0,1,169384.61,0
100491,429,Spain,Female,54,6,20080.78,1,1,1,123326.14,0
100492,562,France,Female,48,6,173655.57,1,0,1,188250.32,0
100493,552,Spain,Male,29,10,95459.77,2,0,0,174531.75,0
100494,578,France,Female,52,1,33124.74,1,0,0,24225.69,1
100495,576,Germany,Male,47,6,215512.71,4,1,0,36087.48,1
100496,881,Germany,Male,65,5,153502.08,1,0,0,124222.48,1
100497,790,Spain,Female,23,6,88681.24,3,0,1,108479.78,0
100498,751,France,Male,32,10,7681.79,3,1,1,42027.37,0
100499,396,Germany,Female,32,7,134327.56,1,1,1,34578.25,0
100500,582,France,Female,78,3,230806.47,2,0,0,117158.25,1
100501,654,France,Male,33,0,149094.96,3,1,0,19295.09,0
100502,875,Germany,Female,37,7,242912.65,4,0,1,176009.71,0
100503,492,France,Male,30,7,34112.78,2,1,1,163345.75,0
100504,764,Germany,Male,61,2,142076.28,1,0,1,159220.29,0
100505,862,Germany,Female,59,2,199531.26,2,0,0,13039.46,1
100506,722,Germany,Female,63,4,131385.18,2,1,1,19051.78,0
100507,608,France,Female,48,2,22766.59,2,1,0,114469.43,0
100508,820,Germany,Female,51,4,145721.5,2,1,1,198940.88,0
100509,361,France,Male,46,7,152934.48,1,0,1,75040.08,0
100510,679,Germany,Male,20,0,182177.31,1,0,0,75431.22,1
100511,707,Germany,Male,26,1,190302.88,3,1,0,35512.81,1
100512,757,Spain,Female,28,1,192693.17,3,0,0,138123.8,1
100513,722,Spain,Male,28,3,165861.1,4,1,1,132868.57,0
100514,357,Spain,Male,42,8,53952.8,4,0,0,29251.26,0
100515,471,France,Female,39,1,101058.94,3,0,1,98808.33,0
100516,697,France,Female,59,10,194032.49,3,1,0,136744.23,1
100517,439,Germany,Female,75,8,238356.75,2,1,1,103768.07,1
100518,665,Germany,Male,63,6,19736.74,3,0,0,138129.08,1
100519,527,Germany,Female,26,9,133884.17,4,0,0,165091.38,0
100520,889,Germany,Male,37,7,78130.57,3,0,1,140304.93,0
100521,390,France,Male,76,0,56348.47,2,0,0,127061.7,1
100522,851,Germany,Male,38,4,126452.67,4,1,1,172182.15,0
100523,494,Germany,Male,27,8,151522.34,1,1,1,181111.83,0
100524,550,Spain,Male,39,3,2443.06,3,1,1,83888.42,0
100525,810,Germany,Female,46,1,195051.64,1,0,0,42917.48,1
100526,896,Germany,Male,26,5,204970.53,4,0,1,165393.48,0
100527,602,Germany,Female,78,1,241377.71,3,0,0,50613.09,1
100528,739,France,Male,22,2,45160.93,1,0,0,186500.63,1
100529,605,Spain,Male,57,7,148638.14,3,1,1,14346.81,0
100530,799,Germany,Female,28,2,106656.34,1,1,0,185041.52,0
100531,359,Germany,Male,18,1,83706.96,1,1,1,121944.77,0
100532,591,Spain,Male,70,5,141408.36,4,0,1,157201.0,0
100533,600,Germany,Female,59,2,195595.77,3,1,1,85713.59,1
100534,354,France,Female,18,0,5763.2,1,1,1,198426.1,0
100535,468,Germany,Male,75,2,242350.03,3,1,1,53234.77,1
100536,723,France,Male,79,5,202470.4,3,1,1,60225.3,1
100537,414,France,Male,71,2,187788.43,2,0,0,19772.16,1
100538,495,Germany,Female,56,8,190096.85,4,0,0,188689.94,1
100539,573,Spain,Male,77,6,97265.18,3,1,0,96645.57,1
100540,588,France,Female,63,4,187905.14,3,1,0,138221.96,1
100541,526,Spain,Female,22,1,96692.55,3,1,0,140613.74,0
100542,631,Germany,Male,66,8,224676.71,4,1,1,176155.4,0
100543,412,France,Female,39,4,44305.6,4,1,0,136335.8,0
100544,566,Germany,Male,43,6,73086.86,3,0,1,116784.02,0
100545,810,Spain,Male,70,8,137834.39,4,1,0,144960.52,1
100546,454,Germany,Female,23,3,79802.76,2,1,0,152684.45,0
100547,448,Germany,Female,49,8,106059.31,4,1,1,45326.31,0
100548,860,France,Female,65,0,123105.67,2,0,0,30836.74,1
100549,734,Germany,Female,28,5,214088.34,2,0,0,24221.28,1
100550,754,Germany,Female,27,1,130798.06,2,0,0,81070.16,0
100551,867,Germany,Female,64,7,90614.96,1,0,1,104620.05,0
100552,825,France,Male,56,4,61934.04,4,0,0,126973.48,1
100553,786,Spain,Male,72,2,102168.99,3,1,1,192026.56,0
100554,372,Spain,Male,51,1,128934.03,2,1,0,72849.69,1
100555,807,Germany,Female,48,7,186528.71,3,0,1,154566.07,0
100556,432,France,Female,29,6,30262.19,2,0,0,110957.95,0
100557,494,Germany,Female,68,8,55402.3,3,0,1,51817.09,0
100558,434,Spain,Male,61,7,94913.5,1,1,1,126908.03,0
100559,427,France,Male,33,10,90099.6,2,0,0,193763.47,0
100560,806,Spain,Female,55,3,97937.02,1,0,0,33618.58,1
100561,350,Spain,Female,20,1,198380.32,1,0,0,106383.16,1
100562,400,France,Female,19,1,81038.6,4,1,1,19805.59,0
100563,795,France,Female,69,1,125474.55,3,0,0,71031.1,1
100564,798,Germany,Male,22,10,155976.76,2,1,1,127914.51,0
100565,837,Germany,Male,28,5,58044.64,1,1,0,169800.82,0
100566,383,Spain,Male,75,6,179673.85,3,1,0,148762.4,1
100567,697,France,Female,42,5,136777.83,4,1,1,97942.79,0
100568,444,France,Male,52,1,111695.29,3,1,0,182752.32,1
100569,421,Germany,Female,52,3,202446.01,3,0,0,67515.79,1
100570,503,Spain,Female,39,2,60873.81,4,1,0,153256.85,0
100571,599,Spain,Female,54,10,220793.99,4,1,1,100061.71,0
100572,787,Germany,Male,39,3,140262.18,4,1,1,180740.79,0
100573,467,France,Male,72,4,152293.72,1,0,1,161512.24,1
100574,655,Germany,Female,28,6,218764.74,3,1,1,181279.24,0
100575,617,Germany,Male,49,8,204395.67,4,1,0,50707.09,1
100576,403,Germany,Female,52,10,150390.52,3,1,0,136948.58,1
100577,585,Germany,Female,48,1,188296.93,3,0,0,150308.05,1
100578,738,France,Female,62,7,108329.87,1,1,1,151058.71,0
100579,750,Germany,Male,70,2,136844.44,3,1,0,105760.09,1
100580,652,France,Male,25,8,15517.53,1,1,1,12137.6,0
100581,556,Germany,Female,37,9,22464.48,4,1,0,59671.85,0
100582,578,Spain,Male,59,3,207356.35,4,1,1,71427.17,1
100583,424,France,Male,51,2,14917.91,3,1,1,171886.96,0
100584,784,Spain,Male,21,9,42349.78,1,1,0,169768.31,1
100585,452,Germany,Male,35,5,198958.16,1,0,1,29889.22,0
100586,771,Germany,Female,68,9,286.49,2,0,1,190468.82,0
100587,655,Germany,Male,21,8,70601.08,2,0,0,44666.92,0
100588,447,France,Female,37,6,146009.66,4,1,1,88728.3,0
100589,684,Spain,Female,75,3,148862.48,4,0,1,50879.82,0
100590,784,France,Male,26,2,194288.23,2,1,0,173463.17,1
100591,796,France,Female,33,9,126481.56,1,0,1,152386.39,0
100592,657,Germany,Female,43,3,127350.47,3,0,1,77170.47,0
100593,598,Spain,Male,55,2,181327.64,3,1,1,139556.94,1
100594,515,Germany,Female,42,2,124656.12,1,1,0,45029.71,1
100595,830,France,Female,21,8,152122.77,4,1,0,82636.45,1
100596,684,Germany,Male,58,3,224443.52,3,1,0,81650.44,1
100597,891,Spain,Male,76,8,100362.75,1,1,0,55207.97,1
100598,455,Germany,Male,62,9,96281.27,3,0,1,176499.29,0
100599,430,Spain,Male,58,4,887.25,1,1,0,138980.69,1
100600,482,Spain,Male,55,6,153356.57,2,0,0,63188.47,1
100601,487,Germany,Female,70,4,7442.98,2,0,0,56002.94,1
100602,533,France,Female,36,0,126037.12,3,1,0,13411.16,0
100603,750,Germany,Male,31,1,201058.45,3,0,1,75850.63,0
100604,679,France,Male,38,10,137480.27,3,0,1,110086.54,0
100605,857,France,Female,32,4,67409.04,3,1,0,62765.08,0
100606,418,Germany,Male,20,5,196542.11,2,1,1,143087.07,0
100607,895,France,Male,54,6,67429.25,2,0,0,88232.41,1
100608,402,France,Female,70,1,183257.95,1,0,0,70100.39,1
100609,799,Germany,Female,67,9,152564.61,3,0,1,188420.96,1
100610,554,Germany,Female,63,8,42499.07,2,1,1,59932.17,0
100611,475,Germany,Male,33,5,226283.47,4,1,1,85668.95,0
100612,392,France,Female,31,1,50160.92,1,1,1,82635.25,0
100613,460,Spain,Male,26,1,247396.77,1,0,1,55827.69,0
100614,532,France,Female,64,2,1827.62,1,1,1,51320.58,0
100615,444,Spain,Male,24,0,65870.84,4,1,0,67452.2,0
100616,723,Germany,Male,31,8,49965.07,4,0,1,174204.87,0
100617,869,Spain,Male,23,9,3498.35,4,0,0,155745.75,0
100618,709,Germany,Female,38,10,183091.98,2,0,0,139389.91,1
100619,630,Germany,Female,32,3,173356.45,4,1,0,96849.57,1
100620,544,Spain,Female,69,4,198087.74,1,1,0,106473.26,1
100621,544,Germany,Male,25,6,64174.64,3,1,0,60756.38,0
100622,442,Spain,Female,51,0,111083.79,1,1,1,24120.02,0
100623,410,Germany,Female,57,2,164778.38,1,1,1,72897.71,1
100624,400,France,Male,18,2,109942.13,2,1,0,104160.91,0
100625,752,France,Male,49,1,174331.44,1,1,0,20889.48,1
100626,354,Germany,Female,75,7,158493.35,2,0,1,26764.33,1
100627,815,Germany,Female,66,4,28661.95,2,1,0,59974.79,1
100628,883,Spain,Female,68,0,195260.78,3,1,1,79745.27,0
100629,754,France,Male,22,1,180169.09,1,0,1,84730.19,0
100630,862,Spain,Female,47,0,163958.6,3,0,1,32398.35,0
100631,582,Germany,Male,39,5,38773.4,3,0,0,52906.06,0
100632,873,Germany,Male,37,8,66999.11,1,0,0,59712.98,0
100633,695,Spain,Female,33,10,98294.26,1,1,0,22850.63,1
100634,395,Germany,Female,24,6,69982.41,4,1,0,71958.94,0
100635,895,France,Male,24,4,56952.57,4,0,0,23722.1,0
100636,427,Spain,Male,67,2,201339.42,2,0,0,143656.99,1
100637,422,France,Female,67,7,159558.06,1,1,0,83349.08,1
100638,598,France,Female,19,9,141368.03,2,0,0,72082.95,0
100639,396,France,Female,64,3,56488.18,3,0,1,34039.21,0
100640,470,Spain,Male,31,8,229519.14,3,1,0,53035.69,1
100641,563,Germany,Male,48,4,47795.76,4,0,1,54213.99,0
100642,588,France,Female,67,5,198737.73,2,1,1,197188.8,1
100643,405,France,Male,78,4,241668.17,1,0,1,168716.38,1
100644,699,France,Male,58,9,181773.18,1,1,0,12899.84,1
100645,456,Germany,Female,31,10,248214.69,4,0,0,127198.95,1
100646,397,Germany,Male,22,6,162762.78,4,1,0,58622.92,1
100647,686,Spain,Female,28,6,54365.09,2,1,1,29831.62,0
100648,375,Germany,Female,57,0,50954.87,4,0,0,144063.95,1
100649,606,Spain,Male,22,1,81141.07,4,0,0,35005.05,0
100650,357,Spain,Male,46,6,1782.51,4,0,1,94310.75,0
100651,602,Spain,Female,28,7,170424.62,3,0,0,130111.38,1
100652,652,Spain,Male,22,3,67166.95,2,0,1,115354.0,0
100653,405,Spain,Female,66,5,203795.81,1,1,1,195749.53,1
100654,875,France,Male,71,10,89793.16,1,1,1,159291.1,0
100655,823,Germany,Male,49,9,119989.12,2,1,0,157096.74,0
100656,377,France,Male,53,2,241422.23,4,1,1,77563.12,1
100657,427,Spain,Female,32,6,60543.03,4,0,1,11595.14,0
100658,565,Germany,Male,36,10,180313.52,1,1,0,149538.08,1
100659,735,France,Female,39,2,188779.45,3,1,1,199949.1,0
100660,714,France,Female,51,10,55249.54,2,1,0,87117.03,1
100661,875,Spain,Female,73,6,125249.21,4,0,0,197248.51,1
100662,661,France,Male,34,10,87550.48,3,0,1,36924.54,0
100663,356,France,Female,29,10,192976.56,3,1,0,66337.35,1
100664,352,France,Female,42,7,155620.83,4,0,0,42438.12,1
100665,712,France,Male,73,2,118995.76,2,1,0,100283.43,1
100666,857,France,Female,34,1,194840.82,2,0,0,161426.47,1
100667,623,Spain,Female,27,5,58788.89,1,0,1,74725.72,0
100668,855,Spain,Male,45,3,188405.47,1,0,0,182183.5,1
100669,364,France,Female,74,7,216343.58,2,1,0,113517.78,1
100670,541,Spain,Male,35,1,219655.4,4,0,0,98430.64,1
100671,834,Spain,Female,68,3,195918.4,2,1,0,159536.81,1
100672,377,Germany,Female,35,1,102003.54,1,0,1,29274.26,0
100673,388,France,Male,62,1,245452.01,1,1,1,157012.97,1
100674,622,Spain,Female,49,1,94898.41,1,1,0,56160.88,1
100675,580,Spain,Female,31,0,159656.35,2,1,1,63354.38,0
100676,435,France,Female,73,3,40268.54,2,1,0,123896.22,1
100677,823,Germany,Male,33,1,245112.22,4,1,1,181367.54,0
100678,475,France,Male,67,8,175996.48,1,1,0,119897.32,1
100679,886,Germany,Male,75,8,188344.39,3,0,0,133300.38,1
100680,494,France,Male,35,10,16444.18,3,1,1,157552.97,0
100681,874,France,Male,33,10,190854.45,4,0,1,59271.7,0
100682,561,France,Female,34,6,193680.86,4,1,1,167174.4,0
100683,374,France,Male,24,5,167943.18,1,1,1,89412.43,0
100684,743,Germany,Male,29,2,72977.4,2,0,1,43374.58,0
100685,416,Germany,Male,51,6,122422.51,2,1,0,76522.44,1
100686,582,Spain,Female,27,0,27608.59,3,0,0,56764.91,0
100687,458,France,Female,22,8,117896.77,1,1,0,53455.58,0
100688,495,Germany,Male,38,3,60955.96,3,0,0,63687.01,0
100689,460,Germany,Female,20,5,87274.25,3,0,1,44376.85,0
100690,577,Germany,Female,36,5,40650.1,1,1,1,136863.33,0
100691,460,France,Female,62,10,57513.59,4,0,0,120198.43,1
100692,819,Spain,Female,61,2,19142.16,3,0,0,133203.96,1
100693,383,Germany,Male,52,3,229975.34,4,1,1,75307.7,1
100694,718,France,Male,23,10,132602.67,2,1,1,156249.35,0
100695,774,Germany,Female,31,9,99185.49,3,1,1,34625.66,0
100696,867,Germany,Female,21,2,133757.3,1,0,1,118515.97,0
100697,631,Spain,Female,62,5,157073.31,4,0,1,62336.06,1
100698,669,Germany,Female,68,0,230469.7,2,0,0,110245.88,1
100699,792,Germany,Male,35,7,44673.24,2,1,0,71491.06,0
100700,664,France,Female,46,7,73888.12,3,1,0,160197.24,0
100701,726,France,Male,52,8,243947.33,2,0,0,179341.65,1
100702,638,Spain,Female,69,5,92798.25,1,1,1,151090.43,0
100703,786,France,Male,55,0,5640.41,3,1,0,43360.91,1
100704,626,France,Female,33,2,36910.87,2,1,0,62224.71,0
100705,852,Spain,Male,37,0,6584.68,1,1,0,184678.03,1
100706,865,Germany,Male,41,4,247480.79,4,1,0,93071.82,1
100707,699,Spain,Male,52,2,69717.71,4,0,0,188824.28,1
100708,795,France,Female,61,1,230885.69,3,0,1,84565.82,1
100709,699,Spain,Male,68,2,248971.57,1,1,0,190837.19,1
100710,486,Germany,Female,36,8,149960.31,2,1,0,185890.41,0
100711,592,Spain,Male,73,10,8299.08,3,0,1,135500.11,0
100712,892,France,Male,21,7,20397.91,3,0,1,11677.14,0
100713,389,France,Female,50,2,120397.26,2,0,1,86063.59,0
100714,578,Spain,Male,19,10,101543.0,1,0,1,183134.67,0
100715,897,Germany,Female,30,1,151544.33,2,0,0,178170.95,1
100716,572,Spain,Female,79,4,109711.95,4,1,1,45603.68,0
100717,355,Germany,Female,75,0,233519.21,3,0,0,85844.67,1
100718,671,Germany,Female,78,3,133684.93,4,0,1,168746.89,0
100719,817,Spain,Male,62,7,173431.52,3,0,0,119796.79,1
100720,424,Germany,Male,47,0,224121.32,2,0,1,170986.85,0
100721,353,France,Female,51,4,36717.97,1,1,1,167047.8,1
100722,467,Spain,Male,47,3,57433.66,2,1,0,182421.58,0
100723,853,Germany,Male,68,5,26829.67,4,0,0,32271.91,1
100724,790,France,Female,71,6,34909.6,1,0,1,37590.88,0
100725,543,Spain,Male,41,8,128145.99,1,1,0,25733.72,1
100726,741,France,Female,65,0,80294.81,3,0,0,187701.08,1
100727,375,France,Male,61,10,105793.21,1,0,0,100280.85,1
100728,784,France,Male,50,9,245622.46,3,1,0,22221.8,1
100729,522,Germany,Female,58,3,39176.09,1,1,1,71090.68,0
100730,649,Spain,Male,66,5,135203.02,1,0,0,76768.4,1
100731,675,Spain,Male,27,9,24717.79,3,0,1,163816.37,0
100732,759,Germany,Female,35,6,79624.08,1,1,0,149740.61,1
100733,467,Spain,Male,36,6,131881.48,2,1,1,140983.54,0
100734,574,France,Female,24,7,236657.94,1,1,1,14154.07,0
100735,881,Spain,Male,74,9,97807.06,4,0,1,183032.2,0
100736,462,Germany,Female,36,7,16226.67,3,0,1,50955.5,0
100737,489,France,Female,41,7,97040.36,3,0,0,129521.67,0
100738,350,Germany,Female,32,7,36435.29,2,1,0,21745.62,0
100739,439,France,Female,58,7,57497.4,4,0,1,25489.96,0
100740,669,France,Female,59,5,154522.66,1,1,0,11819.69,1
100741,899,Spain,Male,40,8,16855.97,2,0,0,117526.25,0
100742,488,France,Male,69,2,116180.94,1,1,1,129582.14,1
100743,860,Germany,Female,69,5,152365.4,2,0,0,19587.84,1
100744,608,Spain,Male,21,4,105464.6,3,1,0,65192.13,0
100745,359,Germany,Female,55,7,4781.59,4,1,0,171776.34,1
100746,610,France,Male,21,3,246379.84,3,1,0,29248.59,1
100747,521,Germany,Male,22,3,91778.94,2,1,1,51143.96,0
100748,362,Germany,Female,58,9,194644.3,1,0,1,90634.33,1
100749,517,France,Female,61,10,81411.62,4,1,0,170032.08,1
100750,670,Spain,Male,40,9,118754.19,1,0,1,58421.32,0
100751,668,Germany,Male,57,4,97115.91,3,0,1,199456.03,0
100752,678,France,Female,70,10,85634.81,1,1,1,77499.74,1
100753,899,Spain,Male,54,5,5462.84,2,1,1,83425.25,0
100754,768,Spain,Male,78,10,90005.23,4,0,0,33200.18,1
100755,444,Spain,Female,28,3,222372.5,4,0,0,139237.6,1
100756,667,Germany,Male,72,1,172598.33,4,0,0,56258.38,1
100757,585,Germany,Female,28,1,36355.71,2,0,1,129484.84,0
100758,683,Germany,Female,30,2,147788.75,1,0,0,52399.97,0
100759,725,Spain,Female,31,1,223057.71,4,0,0,83695.73,1
100760,808,Germany,Male,77,0,175008.51,3,0,0,172767.7,1
100761,486,France,Male,25,7,37171.1,3,1,1,150392.12,0
100762,896,Germany,Female,42,4,216958.12,3,0,0,39372.27,1
100763,862,Germany,Female,79,9,75386.0,3,0,1,125464.55,0
100764,645,Spain,Male,35,0,113519.04,3,1,1,129441.72,0
100765,669,Germany,Male,68,8,131535.69,2,0,1,27208.01,0
100766,698,France,Male,61,7,212626.65,1,0,1,98503.07,1
100767,578,Spain,Female,61,3,232901.87,2,1,1,59527.0,1
100768,619,France,Female,35,7,232413.22,3,0,0,98754.73,1
100769,640,Spain,Male,27,9,1988.55,3,0,1,157643.49,0
100770,514,Spain,Male,24,6,230472.12,4,1,1,40069.32,0
100771,354,Germany,Male,77,10,13596.74,4,1,1,33427.8,0
100772,728,France,Female,67,10,66443.41,1,0,0,61170.13,1
100773,427,Spain,Female,61,6,128746.96,1,1,0,190932.34,1
100774,759,Germany,Male,31,0,119981.42,1,1,0,152086.6,1
100775,481,Spain,Male,32,5,151177.45,2,0,0,13696.61,1
100776,391,Spain,Female,33,3,119861.56,4,1,1,86190.92,0
100777,438,Spain,Female,19,9,233593.92,1,1,1,58905.62,1
100778,751,Spain,Male,47,9,60137.21,4,0,0,131247.47,0
100779,645,Spain,Male,47,9,68506.17,4,0,1,97265.57,0
100780,644,Spain,Male,35,10,230184.48,4,1,0,193254.72,1
100781,875,Germany,Female,48,1,19184.88,4,1,0,51605.91,0
100782,771,Spain,Male,61,9,152390.21,4,0,0,121692.72,1
100783,372,France,Female,65,6,170433.99,4,0,1,143039.9,1
100784,492,Germany,Female,30,8,126385.43,2,1,0,166857.25,0
100785,494,France,Male,37,4,173557.97,3,0,0,87324.5,1
100786,574,Spain,Male,66,7,43188.66,4,0,1,140515.16,0
100787,852,France,Female,67,4,213158.06,2,1,1,67608.28,1
100788,453,Spain,Male,52,6,35006.42,1,1,1,92740.46,1
100789,388,Spain,Female,40,6,100203.11,2,0,1,180169.15,0
100790,547,Germany,Male,59,8,18814.4,2,0,1,190482.45,0
100791,740,Germany,Male,50,2,136302.77,2,1,1,146575.3,0
100792,528,Spain,Male,55,0,167436.45,4,0,0,81126.86,1
100793,797,Germany,Male,52,1,235305.41,1,1,1,165810.98,1
100794,849,France,Female,68,5,184834.05,2,0,1,14914.75,0
100795,364,Germany,Female,53,9,135275.73,1,0,1,29521.72,0
100796,638,Germany,Female,78,9,233154.25,2,0,0,135661.01,1
100797,827,France,Male,37,8,119609.21,4,1,1,65337.23,0
100798,580,Germany,Female,72,2,140301.41,2,1,0,190763.38,1
100799,769,Spain,Female,20,9,149024.63,2,0,0,92851.52,0
100800,506,France,Female,25,1,102494.93,1,0,0,91579.32,0
100801,899,Spain,Male,57,10,209620.67,1,1,0,138835.11,1
100802,790,France,Female,76,0,46293.98,1,1,1,155838.03,0
100803,446,Spain,Male,49,1,138710.55,3,0,1,100356.16,0
100804,760,Spain,Male,46,2,180558.31,1,1,1,50660.17,0
100805,638,Germany,Female,24,6,225994.04,2,1,1,156928.64,0
100806,603,Spain,Male,19,1,220979.6,3,0,1,70866.74,0
100807,545,Germany,Female,38,4,127185.07,1,0,1,43271.05,0
100808,871,France,Female,23,1,160790.36,4,1,0,130011.64,1
100809,866,Spain,Female,45,6,98559.43,1,1,0,27186.2,0
100810,467,Spain,Female,65,9,117044.44,4,0,1,194557.01,0
100811,508,France,Female,59,7,226566.45,3,1,1,130155.48,1
100812,577,France,Male,53,7,232676.0,4,0,1,197320.15,1
100813,565,Spain,Female,49,7,223853.51,3,0,1,74389.75,0
100814,364,France,Male,62,9,34592.72,4,1,1,194528.98,0
100815,506,Germany,Female,59,8,212521.01,1,0,1,37656.83,1
100816,610,France,Female,70,0,237090.93,3,0,0,17732.01,1
100817,506,France,Female,63,0,90312.42,2,0,0,16266.97,1
100818,396,Spain,Male,26,9,129661.57,2,0,1,98325.37,0
100819,673,Germany,Male,28,1,194773.81,2,0,1,25770.8,0
100820,479,France,Male,40,10,140519.53,1,1,1,107311.9,0
100821,760,Germany,Male,67,5,248370.88,2,0,0,72225.1,1
100822,444,Germany,Female,28,0,113928.34,3,0,0,73769.51,0
100823,641,Germany,Female,66,4,178485.68,2,0,0,130765.71,1
100824,632,Spain,Male,19,4,198147.79,3,1,0,40988.62,1
100825,418,France,Male,20,3,123525.1,2,0,0,155645.14,0
100826,360,Spain,Male,28,10,214245.95,4,0,1,120585.87,0
100827,603,France,Female,67,4,136538.65,3,0,1,183839.48,0
100828,899,France,Male,76,0,102912.7,2,0,0,79319.72,1
100829,483,Spain,Male,52,10,26955.92,2,1,1,196715.85,0
100830,372,Germany,Female,75,10,98353.39,2,1,0,119407.25,1
100831,695,Germany,Male,32,5,183484.11,3,0,0,194946.37,1
100832,651,France,Female,60,6,230321.6,3,1,0,15141.52,1
100833,712,Spain,Female,28,7,62919.85,2,1,1,148315.5,0
100834,745,Germany,Female,48,1,88808.88,4,1,1,165158.09,0
100835,567,Germany,Female,45,6,38490.25,3,0,1,20102.92,0
100836,490,France,Female,79,5,172680.72,3,0,1,120004.24,1
100837,559,France,Male,45,8,240047.11,4,0,1,162369.04,0
100838,809,Spain,Male,49,7,160238.05,1,0,0,116597.36,1
100839,705,France,Female,42,10,154269.13,4,0,0,22124.58,1
100840,673,Germany,Female,37,3,138372.48,2,0,0,141754.98,0
100841,482,Germany,Male,45,8,22113.94,3,1,1,21513.41,0
100842,476,Germany,Male,42,0,182375.96,3,1,1,165319.09,0
100843,455,Germany,Female,28,10,150512.39,3,1,1,18176.49,0
100844,727,Spain,Male,36,5,165369.19,3,1,0,36105.5,1
100845,400,Spain,Male,45,7,224702.77,1,1,0,62270.44,1
100846,378,France,Female,18,10,195990.2,3,0,0,130339.31,1
100847,811,France,Male,76,10,195228.81,3,0,1,195508.23,1
100848,645,France,Male,22,3,231795.94,1,1,1,32386.34,0
100849,646,Spain,Male,27,1,247483.74,2,0,0,37114.46,1
100850,756,Germany,Male,59,10,145320.68,2,0,0,80085.38,1
100851,754,France,Female,63,1,27220.4,1,0,0,168881.64,1
100852,695,Germany,Male,51,9,114782.48,2,0,0,98773.88,1
100853,769,France,Female,53,0,196900.29,2,0,1,71106.01,0
100854,531,France,Male,19,4,6931.33,4,1,0,116628.73,0
100855,350,France,Female,35,5,14221.86,4,1,1,59499.41,0
100856,720,France,Female,30,3,16789.45,4,1,1,86220.38,0
100857,780,France,Male,68,3,182758.94,1,0,1,73194.98,1
100858,658,Germany,Female,22,4,125291.66,3,0,1,162786.79,0
100859,486,France,Female,37,4,92224.49,1,0,1,185608.59,0
100860,551,Germany,Female,19,8,26404.26,1,0,0,154318.72,1
100861,785,Spain,Female,28,7,183060.06,1,1,1,93425.88,1
100862,662,France,Female,79,8,80254.95,1,0,0,105823.65,1
100863,466,Germany,Male,47,2,66331.02,4,1,0,33764.0,0
100864,593,Spain,Female,49,2,163079.8,1,1,1,151904.3,1
100865,886,Spain,Female,49,0,139752.72,4,1,0,123330.38,0
100866,424,Spain,Male,75,9,90602.66,3,1,0,181463.6,1
100867,735,Germany,Male,67,5,160371.87,2,0,0,48116.12,1
100868,559,France,Female,79,3,67805.38,4,0,0,154347.96,1
100869,824,France,Male,55,10,198707.57,1,1,1,140087.62,1
100870,767,Germany,Male,72,7,57329.74,3,0,0,60510.65,1
100871,696,France,Male,45,1,39709.42,1,0,0,136801.94,1
100872,878,Germany,Male,27,10,195609.85,3,0,1,185630.94,0
100873,528,France,Male,39,1,176973.01,2,1,1,184502.84,0
100874,531,Spain,Male,72,6,45659.74,3,1,1,146729.05,0
100875,374,France,Female,34,4,29061.44,3,1,1,19133.89,0
100876,529,Germany,Female,39,0,209599.77,2,1,1,175730.22,0
100877,850,Germany,Male,60,6,194149.62,2,1,0,134977.94,1
100878,510,Spain,Male,36,6,81814.34,3,1,1,68982.51,0
100879,526,Germany,Female,34,9,164549.35,1,1,0,45577.57,1
100880,634,France,Male,41,5,31040.05,4,0,1,32078.73,0
100881,412,France,Female,53,3,126761.91,1,1,0,19545.01,1
100882,505,Spain,Male,49,7,4682.57,4,0,0,153279.62,0
100883,818,Germany,Female,75,10,97900.47,2,1,1,54810.17,0
100884,398,Spain,Female,73,1,18710.71,1,0,0,14608.06,1
100885,433,France,Male,75,1,118786.8,2,0,1,85481.42,0
100886,710,Spain,Male,63,1,105420.41,3,0,0,101695.35,1
100887,497,Germany,Male,76,2,111096.26,3,0,1,42153.74,0
100888,691,Spain,Male,69,5,11332.83,1,1,0,18369.18,1
100889,825,Germany,Female,53,0,90404.09,2,1,0,45933.84,1
100890,412,Germany,Male,45,10,189120.96,1,1,1,139029.52,0
100891,709,France,Female,31,1,92228.59,1,1,1,25626.3,0
100892,676,France,Male,75,9,178792.99,4,1,1,115457.04,0
100893,490,France,Female,53,1,92369.68,3,1,1,37818.28,0
100894,564,Germany,Male,23,0,105809.86,1,1,1,47180.94,0
100895,784,Spain,Male,79,2,140973.03,3,1,1,84684.8,0
100896,667,Germany,Female,26,9,237670.48,4,1,1,29156.81,0
100897,381,France,Male,38,6,27215.11,2,1,1,42908.67,0
100898,634,France,Male,29,0,8228.44,1,1,1,76300.96,0
100899,654,Spain,Male,78,6,151989.3,3,0,1,72637.11,1
100900,778,France,Male,75,4,237274.27,1,0,0,152361.58,1
100901,826,France,Male,47,8,247430.78,2,0,0,24208.64,1
100902,635,France,Female,48,1,121041.06,1,0,1,173485.64,0
100903,493,Spain,Male,57,0,117020.41,1,0,1,165084.11,1
100904,773,Germany,Female,73,8,161240.94,3,1,0,155538.41,1
100905,368,France,Male,21,7,138908.69,2,1,1,68780.75,0
100906,367,Spain,Male,48,9,158522.01,4,0,0,166347.54,1
100907,720,France,Female,44,5,218499.86,2,1,0,44732.4,1
100908,524,Spain,Female,75,4,186576.54,2,0,0,33637.75,1
100909,543,France,Female,74,7,124219.35,4,1,0,18541.7,1
100910,851,Spain,Female,42,7,115466.11,1,1,0,188468.97,1
100911,462,France,Female,22,4,159900.44,3,0,1,68522.07,0
100912,463,Germany,Male,23,6,113926.57,1,0,0,184347.4,0
100913,571,France,Female,22,0,114444.84,1,0,1,61796.58,0
100914,613,Spain,Female,68,3,4076.48,4,1,0,182437.53,1
100915,404,France,Male,44,1,43516.03,4,0,0,181746.52,0
100916,807,Germany,Male,25,9,122128.41,1,1,0,185498.45,0
100917,511,France,Female,26,2,205663.36,2,1,1,104269.15,0
100918,729,Spain,Female,32,0,69681.75,3,1,0,174529.79,0
100919,436,Spain,Female,53,10,130660.86,2,1,0,190645.52,1
100920,404,Germany,Male,74,10,86240.52,1,0,1,71677.22,0
100921,825,Spain,Female,58,1,26201.0,1,0,1,89586.14,1
100922,527,France,Male,24,0,239574.62,3,0,0,146655.64,1
100923,740,France,Male,49,7,213668.47,2,0,0,67068.37,1
100924,698,France,Male,25,3,19623.11,1,1,0,153223.77,1
100925,357,Spain,Male,64,2,179946.82,1,0,1,24039.51,1
100926,662,France,Female,68,0,86894.98,4,0,0,109464.69,1
100927,792,France,Male,32,1,248712.45,3,0,1,33239.56,0
100928,677,France,Male,54,2,75599.63,4,0,0,65731.46,1
100929,403,Germany,Female,36,2,59684.61,4,1,1,59138.82,0
100930,588,Spain,Male,56,5,141972.64,4,1,1,169397.09,0
100931,578,Spain,Female,23,9,208781.54,1,1,0,46768.28,1
100932,400,Spain,Male,76,7,48129.72,2,1,0,163605.1,1
100933,613,Germany,Female,36,5,177350.69,4,0,1,160852.47,0
100934,767,Spain,Male,74,1,15351.65,2,1,0,104787.78,1
100935,445,Germany,Male,45,1,229733.69,1,0,1,54430.22,0
100936,437,Germany,Female,34,6,20268.73,4,0,1,53110.3,0
100937,427,Spain,Male,59,0,228557.84,1,0,0,98335.68,1
100938,637,France,Male,36,0,122701.81,4,0,1,11673.71,0
100939,469,France,Female,48,6,112022.78,4,1,0,110956.64,0
100940,840,Spain,Male,28,8,243326.77,1,1,1,191028.11,1
100941,801,Spain,Male,32,4,247596.04,3,0,0,39394.31,1
100942,849,Germany,Female,27,10,162544.53,3,1,0,118935.67,1
100943,514,Spain,Female,60,0,31779.82,2,1,0,192737.95,1
100944,531,Germany,Female,40,4,126542.52,2,0,1,173499.21,0
100945,818,Spain,Female,20,10,132290.78,1,0,0,171572.22,1
100946,356,France,Female,79,0,128611.61,1,1,1,166151.49,1
100947,679,France,Male,20,9,142372.96,1,0,1,68714.49,0
100948,500,Spain,Female,35,8,4681.18,3,1,0,179217.2,0
100949,434,Germany,Male,42,3,177806.82,3,0,1,188854.67,0
100950,496,France,Female,60,8,178098.58,4,0,0,104200.56,1
100951,730,Germany,Male,37,1,28867.44,4,0,1,77368.5,0
100952,897,Spain,Male,75,6,142559.86,1,0,1,88703.51,0
100953,634,Spain,Female,46,1,142090.3,1,1,0,73499.22,1
100954,431,France,Male,39,3,170612.61,2,1,0,50359.5,1
100955,863,Spain,Male,67,5,21349.42,3,1,1,127505.21,0
100956,872,France,Female,74,1,156625.83,1,1,0,116893.41,1
100957,735,Germany,Female,32,1,70187.99,3,0,0,97891.16,0
100958,820,France,Female,56,1,126750.75,1,0,1,28210.62,1
100959,468,France,Female,27,2,193330.89,4,1,0,161409.66,1
100960,745,Germany,Male,38,4,176411.48,1,1,1,43237.38,0
100961,881,France,Male,72,8,29725.75,4,1,0,31766.79,1
100962,610,France,Male,79,5,147796.2,2,1,0,128383.57,1
100963,605,Spain,Male,69,8,242279.13,2,1,1,85742.43,1
100964,575,Germany,Male,46,9,39192.36,2,0,1,21363.61,0
100965,402,France,Male,49,4,213226.77,1,1,0,77557.99,1
100966,849,Germany,Female,27,10,175637.02,2,1,0,156638.27,1
100967,855,Germany,Male,30,5,193500.83,1,0,1,126897.35,1
100968,713,France,Male,64,9,70489.58,3,0,0,78929.34,1
100969,629,Spain,Male,40,7,71972.23,4,1,0,46442.91,0
100970,507,Germany,Female,67,2,226504.86,3,1,0,130041.17,1
100971,408,France,Female,40,1,89958.01,1,1,0,178635.51,0
100972,477,Germany,Female,48,2,15753.85,2,0,1,132791.82,0
100973,464,Spain,Female,21,8,150149.18,4,1,0,164451.73,1
100974,558,Spain,Male,69,5,31204.42,2,1,1,109090.29,0
100975,875,Spain,Male,66,9,199149.06,3,0,1,146414.51,1
100976,870,France,Male,77,3,160436.61,1,0,0,180283.09,1
100977,586,France,Female,20,9,218681.63,4,0,1,156904.01,0
100978,630,Spain,Male,38,2,196209.31,4,0,0,182872.25,1
100979,708,France,Male,70,1,28028.41,1,1,0,91916.52,1
100980,550,Spain,Male,19,3,95267.67,1,0,1,181801.85,0
100981,627,France,Female,21,8,193640.06,4,0,1,128097.77,0
100982,584,Spain,Female,18,3,104335.37,3,0,1,175309.27,0
100983,843,Germany,Female,32,4,243091.37,3,1,0,17481.54,1
100984,353,Spain,Male,74,7,183935.11,2,0,0,134991.95,1
100985,791,Spain,Male,50,1,3874.98,4,1,0,171115.26,0
100986,378,France,Male,23,10,219996.42,1,0,1,43098.39,1
100987,458,France,Male,24,2,25201.2,1,1,1,135739.52,0
100988,424,France,Female,36,5,35130.93,1,1,1,166741.4,0
100989,495,France,Male,61,6,183623.1,1,1,1,64710.38,1
100990,477,France,Female,18,3,216242.14,4,0,1,86996.8,0
100991,391,France,Male,56,0,134087.41,3,1,0,118208.37,1
100992,705,Germany,Female,36,6,72262.43,2,0,0,108641.86,0
100993,390,Spain,Male,62,8,87828.89,3,0,1,17445.98,0
100994,383,Spain,Male,43,0,85722.33,2,1,1,28747.7,0
100995,366,Spain,Female,61,0,81669.53,1,0,1,29088.65,1
100996,502,Germany,Female,29,0,60727.42,1,1,1,59830.9,0
100997,727,Spain,Male,39,9,152216.77,4,0,0,56714.18,1
100998,691,Germany,Male,30,6,225101.33,1,1,1,151022.25,1
100999,376,Germany,Male,45,10,76770.6,4,0,1,118821.43,0
101000,636,Germany,Female,31,8,46673.57,4,1,1,155155.46,0
101001,517,Spain,Male,39,2,209644.42,4,0,0,23280.25,1
101002,617,Germany,Female,47,7,185445.83,1,0,0,102190.71,1
101003,804,Spain,Male,61,8,232709.26,1,1,1,71517.36,1
101004,750,Spain,Male,37,2,41379.93,3,0,0,171488.47,0
101005,825,France,Male,61,2,36062.83,2,0,1,144479.94,0
101006,479,France,Male,44,0,135357.35,3,1,1,175159.11,0
101007,712,Germany,Female,55,1,153608.41,1,1,1,18821.15,1
101008,641,Germany,Female,76,6,120043.36,2,1,0,146956.46,1
101009,720,Spain,Male,59,2,149741.66,4,1,1,112601.59,0
101010,378,Germany,Male,69,6,45094.94,2,1,1,166750.01,0
101011,498,Germany,Male,78,4,119903.44,4,0,0,106360.51,1
101012,645,Spain,Female,73,9,164523.14,1,1,0,112639.72,1
101013,360,Germany,Male,58,7,108176.61,2,0,1,19835.8,0
101014,861,Germany,Female,51,4,169861.83,4,0,1,137019.34,1
101015,462,Spain,Female,56,2,112797.82,3,0,0,61896.58,1
101016,536,Spain,Female,58,8,83399.9,3,0,0,13741.85,1
101017,576,France,Female,74,6,75901.26,4,0,0,22623.06,1
101018,659,Spain,Male,61,4,102725.51,3,1,1,191884.27,0
101019,447,France,Male,54,6,5772.41,3,1,1,75754.69,0
101020,404,Germany,Female,18,10,167131.28,2,1,0,174934.37,1
101021,755,Spain,Male,71,9,211276.41,3,1,0,192338.67,1
101022,418,Spain,Male,32,8,88656.77,2,1,1,189220.77,0
101023,661,Spain,Male,49,4,11508.28,1,1,0,177527.8,1
101024,638,Germany,Female,25,6,246693.9,3,0,1,180020.34,0
101025,897,France,Male,50,10,65924.56,1,1,1,64911.53,0
101026,497,Germany,Male,35,8,31655.28,3,1,1,38779.28,0
101027,816,Germany,Male,62,0,92438.13,4,1,0,131459.89,1
101028,593,Spain,Male,46,3,184639.26,4,1,1,102740.06,0
101029,840,France,Male,49,0,73479.15,1,1,0,28761.88,0
101030,856,Germany,Male,50,7,143675.8,1,0,0,138732.85,0
101031,714,Spain,Male,22,2,103890.0,1,0,0,116943.4,0
101032,831,Germany,Male,35,1,29441.0,4,0,0,173982.81,0
101033,550,Germany,Male,65,3,82571.75,1,1,1,125744.92,1
101034,503,Spain,Male,75,10,181217.63,4,1,1,119049.77,1
101035,799,Spain,Female,27,2,153000.97,1,1,1,93742.83,0
101036,850,France,Male,79,10,29944.59,2,0,0,97929.54,1
101037,422,Germany,Female,53,4,40830.6,2,0,1,191332.43,0
101038,645,Spain,Male,50,7,160183.34,3,1,1,36304.74,0
101039,366,Spain,Female,40,9,203353.85,2,1,1,94781.58,0
101040,566,France,Female,57,7,87368.62,1,0,1,134607.17,1
101041,410,France,Male,22,10,148827.69,2,0,0,92272.02,0
101042,391,Spain,Female,51,6,42660.9,2,0,0,63810.97,1
101043,374,France,Female,41,7,77844.08,1,1,1,64597.9,0
101044,388,Spain,Female,34,4,5067.55,2,0,0,54394.65,0
101045,480,Germany,Male,48,9,192068.99,1,1,0,75341.61,1
101046,847,France,Female,24,9,100252.45,2,1,0,175618.21,0
101047,578,Germany,Female,34,10,204031.39,1,1,1,105992.66,0
101048,457,Germany,Male,45,10,177093.25,4,0,1,55645.36,0
101049,521,Germany,Female,55,5,207186.07,4,0,0,83060.08,1
101050,784,Spain,Female,78,7,71414.67,3,0,0,30107.78,1
101051,827,Germany,Female,39,0,46277.18,2,0,0,181766.79,0
101052,451,Germany,Male,32,5,242976.42,3,1,0,87557.59,1
101053,873,Germany,Female,54,5,179331.95,1,1,1,196274.33,1
101054,624,Spain,Male,32,10,208510.57,4,1,0,76032.37,1
101055,393,Germany,Female,67,4,3283.34,1,1,1,168907.65,1
101056,366,Germany,Female,67,3,88615.41,3,0,0,58713.21,1
101057,679,France,Female,42,0,185704.17,1,1,1,24469.05,0
101058,846,Spain,Female,70,10,19495.71,1,0,0,16029.34,1
101059,361,Germany,Male,38,9,141834.98,1,1,1,125172.0,0
101060,667,France,Female,72,10,107268.19,1,0,1,69199.0,1
101061,565,Spain,Male,55,7,4404.13,4,1,0,94268.78,1
101062,688,Spain,Female,19,5,58993.89,1,1,0,165542.94,1
101063,430,Spain,Male,44,2,71198.0,1,0,1,57140.54,0
101064,834,Spain,Female,66,2,27964.99,4,1,1,68643.97,0
101065,723,Spain,Female,49,5,157884.23,1,0,0,170613.88,1
101066,549,Spain,Male,38,6,60599.47,1,1,0,103624.83,0
101067,886,Germany,Male,21,7,69404.87,3,0,0,167256.38,0
101068,815,Germany,Male,61,4,224559.65,4,0,0,81150.44,1
101069,438,Germany,Male,36,9,116780.77,2,0,1,85690.3,0
101070,617,Germany,Female,19,5,98032.04,1,0,1,41756.29,0
101071,838,France,Male,43,0,180967.76,3,1,1,184105.71,0
101072,887,Germany,Male,51,5,227403.45,4,0,0,180388.9,1
101073,396,Spain,Male,31,8,6259.08,1,0,0,197001.23,1
101074,637,Germany,Female,32,9,112059.71,2,0,0,86464.95,0
101075,365,Germany,Female,37,3,152695.34,1,0,1,165536.84,1
101076,750,Spain,Female,51,9,79640.77,3,1,0,88841.21,1
101077,435,Germany,Female,53,0,193101.93,4,0,1,96316.77,1
101078,599,Germany,Male,36,10,242869.27,3,1,0,167699.88,1
101079,740,Germany,Female,26,8,235856.84,4,1,1,43699.69,0
101080,684,France,Male,24,3,66495.63,2,0,1,51859.08,0
101081,868,Germany,Female,47,1,56584.57,1,0,1,69798.37,0
101082,486,Spain,Male,30,0,239372.63,3,0,0,159754.02,1
101083,847,Spain,Male,44,2,114657.12,2,0,0,80803.79,0
101084,826,Germany,Male,61,6,52074.43,2,1,0,78051.96,1
101085,572,Germany,Male,52,10,176749.24,1,1,0,199775.11,1
101086,721,Germany,Male,30,9,71105.08,3,0,1,82923.17,0
101087,751,Spain,Female,32,1,66811.74,1,0,1,57076.4,0
101088,792,Spain,Male,63,8,219812.26,1,1,0,128410.6,1
101089,839,France,Male,73,10,40619.79,4,1,0,162357.19,1
101090,622,France,Male,26,1,16098.24,4,0,0,23225.49,0
101091,875,France,Male,62,4,67296.61,1,0,0,127589.52,1
101092,508,Spain,Female,40,7,151736.35,4,0,1,16789.74,0
101093,501,France,Female,71,9,30771.96,3,0,0,110003.15,1
101094,537,Germany,Male,53,7,117898.67,4,0,1,58828.4,0
101095,447,Germany,Male,70,2,156834.28,2,0,1,68261.92,0
101096,480,Spain,Male,57,1,212184.25,1,1,1,98748.23,1
101097,520,France,Male,20,8,57467.4,1,1,0,186150.42,0
101098,532,Germany,Female,51,2,204336.58,3,1,0,145026.79,1
101099,713,Spain,Female,36,7,58726.57,1,1,0,188000.66,1
101100,388,France,Male,45,1,169191.64,4,0,0,135394.49,1
101101,876,Germany,Male,40,2,107668.39,2,0,1,11350.47,0
101102,846,France,Male,57,0,28670.31,1,1,0,60461.19,1
101103,865,Spain,Male,66,10,178565.87,4,0,1,182096.79,0
101104,698,France,Male,62,5,54440.65,2,0,0,132254.65,1
101105,746,Spain,Female,24,6,44155.86,1,0,1,196512.97,0
101106,510,France,Female,58,3,89580.73,1,1,1,39633.16,1
101107,365,Germany,Male,29,0,163322.56,1,1,1,66382.09,1
101108,842,Spain,Female,78,2,58499.12,2,1,0,78849.86,1
101109,775,Spain,Female,31,8,45915.38,1,1,1,72045.99,0
101110,457,Spain,Female,63,4,2488.41,1,1,1,57878.39,0
101111,799,France,Male,32,5,117910.77,4,1,0,94258.49,0
101112,660,France,Female,20,3,107161.39,4,1,1,132036.64,0
101113,519,Germany,Female,32,0,58466.94,4,0,0,69138.82,0
101114,895,Spain,Male,68,4,13413.04,4,1,0,25142.99,1
101115,763,Spain,Female,41,4,107313.97,1,0,1,144621.18,0
101116,600,France,Male,69,4,197051.28,2,0,1,97213.15,0
101117,490,France,Female,63,5,178820.53,1,1,0,115731.64,1
101118,623,Germany,Male,25,10,215198.72,3,0,1,96526.12,0
101119,765,Germany,Male,22,1,2395.67,2,0,0,179167.93,0
101120,388,France,Female,79,0,241604.83,3,1,0,116161.55,1
101121,378,Spain,Female,68,1,85353.06,1,0,1,185422.6,0
101122,826,Germany,Male,21,9,247599.45,2,1,0,107009.31,1
101123,667,France,Male,31,5,63154.87,2,0,1,65591.75,0
101124,594,France,Female,33,4,117884.1,4,0,1,77534.09,0
101125,621,Spain,Female,37,4,88481.92,1,0,0,109204.57,1
101126,789,France,Female,41,5,88940.18,3,0,1,110697.99,0
101127,588,France,Female,23,9,210570.52,2,1,1,140594.16,0
101128,726,Germany,Male,72,6,186604.73,2,1,1,52654.03,1
101129,615,France,Male,74,8,248037.86,4,1,1,135180.15,0
101130,708,France,Male,48,6,153378.67,2,0,1,157931.72,0
101131,689,Germany,Female,23,1,115814.15,4,0,1,138552.48,0
101132,738,Spain,Female,52,5,22518.47,2,0,0,101547.34,1
101133,352,Spain,Male,32,8,249140.35,2,0,1,198419.32,0
101134,778,Germany,Male,46,6,137882.66,1,1,0,86914.5,1
101135,491,Germany,Male,20,1,175119.37,2,0,0,30252.22,1
101136,725,Spain,Male,28,2,101685.6,4,1,1,166085.8,0
101137,673,Spain,Male,20,7,136928.93,4,0,1,50318.23,0
101138,495,Spain,Male,45,10,235644.43,4,0,0,145524.26,1
101139,642,Spain,Female,27,8,41604.86,3,1,0,44005.49,0
101140,781,Spain,Male,67,3,73093.15,2,1,1,13206.7,0
101141,748,Germany,Male,50,8,38014.93,1,1,0,40361.73,1
101142,693,France,Male,65,1,198053.98,1,1,0,81627.85,1
101143,489,Spain,Male,33,10,15511.32,3,0,1,30257.47,0
101144,536,Spain,Male,76,4,20407.91,2,1,0,47559.03,1
101145,410,France,Male,27,10,74623.53,4,1,0,155278.99,0
101146,729,France,Male,50,1,128547.05,3,0,1,156277.89,0
101147,789,France,Female,53,10,101568.7,3,0,1,165322.76,0
101148,668,France,Male,20,0,11204.08,4,0,1,169819.49,0
101149,651,France,Female,22,4,239372.89,3,0,1,89882.82,0
101150,693,France,Female,29,1,238217.38,3,1,0,174834.44,1
101151,360,Germany,Female,74,6,69839.08,4,1,0,109928.01,1
101152,411,France,Male,61,7,182881.4,2,0,0,99413.45,1
101153,575,France,Male,30,1,144643.85,1,1,0,146521.9,1
101154,502,Germany,Male,41,6,59369.17,1,1,0,50625.5,1
101155,659,France,Male,61,3,65542.89,4,0,1,160004.5,0
101156,592,Spain,Male,74,0,122788.29,4,1,0,91598.51,1
101157,842,Spain,Male,49,10,104809.24,2,1,0,34186.13,0
101158,715,France,Male,33,2,72807.33,3,0,1,32669.26,0
101159,679,Germany,Male,49,10,201877.9,2,1,0,41332.28,1
101160,456,Spain,Male,62,0,120365.73,3,1,0,179208.82,1
101161,575,Germany,Male,54,4,163712.02,3,0,1,198278.19,0
101162,567,Spain,Female,73,7,47318.38,2,1,1,77825.02,0
101163,855,France,Male,53,0,133376.92,4,0,0,65507.33,1
101164,608,Germany,Male,38,8,79494.01,4,0,1,51566.48,0
101165,866,Germany,Male,64,2,131603.4,2,0,0,166525.13,1
101166,403,Germany,Female,29,4,195206.46,3,0,0,49749.42,1
101167,396,Spain,Male,68,8,192228.3,3,0,1,185577.12,1
101168,870,Spain,Male,38,4,88555.17,3,0,0,136796.57,0
101169,448,Spain,Female,77,8,173569.28,3,1,1,180454.28,1
101170,369,France,Male,68,9,235322.49,2,0,1,115261.87,1
101171,839,Spain,Female,38,7,156417.33,1,1,0,141229.17,1
101172,768,France,Female,60,6,37102.53,4,0,0,127697.04,1
101173,411,Germany,Female,79,10,169927.16,4,0,1,167927.14,0
101174,494,Germany,Female,70,0,26226.1,1,0,1,168813.55,0
101175,565,France,Male,23,3,218027.6,3,1,1,122060.67,0
101176,352,Spain,Female,26,8,129165.12,1,1,1,130176.45,0
101177,509,France,Female,18,9,96285.18,1,0,0,185156.42,1
101178,469,Germany,Male,29,7,14251.65,1,1,1,186674.63,0
101179,438,Germany,Male,75,3,95195.93,4,0,0,136207.46,1
101180,678,France,Male,31,0,225801.67,4,0,1,11473.31,0
101181,706,Spain,Female,23,9,5245.75,1,1,1,29838.13,0
101182,616,Spain,Male,18,3,118662.04,1,0,0,173009.08,1
101183,672,France,Female,39,2,232789.52,1,0,0,26095.68,1
101184,890,France,Female,51,5,98710.25,3,1,1,50568.64,0
101185,544,Spain,Male,73,10,107043.92,3,0,0,53803.87,1
101186,681,Germany,Male,28,4,144640.01,3,0,0,124044.61,0
101187,519,France,Male,20,4,115734.33,4,1,0,119560.23,0
101188,870,Spain,Male,59,1,42150.42,2,1,0,64989.33,1
101189,812,Spain,Male,79,2,4638.88,1,0,1,49446.16,0
101190,389,Germany,Male,23,10,152452.91,1,0,0,155261.09,1
101191,886,Germany,Female,23,5,230201.65,2,1,1,187736.67,0
101192,610,Germany,Female,37,1,26591.03,1,1,1,20033.08,0
101193,744,Germany,Male,38,3,52738.18,3,0,1,35304.29,0
101194,575,Germany,Female,19,1,92557.37,3,1,1,132011.16,0
101195,473,France,Female,43,8,202185.56,2,1,0,162843.88,1
101196,387,Spain,Female,48,2,67315.08,3,1,1,160325.85,0
101197,677,France,Female,43,9,220513.6,2,0,1,146739.8,0
101198,600,France,Female,73,9,13739.47,3,0,0,178611.31,1
101199,525,France,Female,49,5,235239.16,1,0,0,51296.29,1
101200,803,France,Male,27,0,140186.77,4,0,0,30385.28,0
101201,386,France,Male,40,10,164694.42,3,0,1,126918.96,0
101202,665,Germany,Male,75,9,91922.38,2,1,0,166232.42,1
101203,463,Germany,Female,23,2,195498.57,4,1,1,120588.28,0
101204,389,Spain,Male,40,7,41641.56,1,1,1,192969.52,0
101205,650,France,Male,45,4,12227.96,4,0,1,161157.25,0
101206,573,Spain,Male,66,7,98879.24,2,0,0,143150.44,1
101207,667,Germany,Female,47,1,213423.93,1,1,1,21448.89,0
101208,698,Germany,Male,31,6,188731.71,1,1,1,30471.03,1
101209,464,Germany,Female,54,8,129288.99,3,1,0,159119.15,1
101210,672,France,Male,72,6,143034.44,4,1,1,47665.21,0
101211,389,France,Male,49,2,32473.21,3,0,0,15478.68,0
101212,389,Germany,Male,66,6,210170.38,1,0,0,183044.53,1
101213,638,Spain,Female,51,7,196739.92,3,1,0,179253.02,1
101214,611,Spain,Female,58,0,164117.6,3,0,0,51511.93,1
101215,565,Germany,Female,61,2,116547.76,2,0,0,158239.19,1
101216,496,Spain,Female,68,4,241114.82,3,0,0,19116.14,1
101217,685,Germany,Female,39,5,219757.99,1,0,1,64161.02,1
101218,517,Spain,Male,48,2,161107.62,3,1,0,128496.71,1
101219,441,Germany,Male,24,3,92950.25,1,1,1,155004.01,0
101220,702,Spain,Female,58,4,154505.57,1,0,1,11975.85,1
101221,712,France,Female,38,2,143860.23,2,1,1,71979.64,0
101222,694,Germany,Male,33,3,98560.5,1,0,1,50725.66,0
101223,519,Germany,Female,37,4,76668.49,1,1,0,199768.28,1
101224,705,Spain,Male,60,1,101752.7,2,1,1,137486.62,0
101225,540,Germany,Female,61,9,143477.85,1,1,0,87077.58,1
101226,771,Germany,Male,64,8,107033.71,2,1,1,24373.99,0
101227,356,Germany,Female,67,9,65893.62,4,1,0,123747.35,1
101228,482,France,Female,36,7,190240.83,4,1,0,131923.28,1
101229,380,France,Male,65,5,132866.87,4,1,1,165117.13,0
101230,884,Spain,Male,49,9,16918.79,1,0,0,64829.6,1
101231,775,France,Female,32,10,92079.13,3,1,0,196471.34,0
101232,743,Spain,Female,22,2,221228.36,2,0,0,93498.49,1
101233,712,France,Male,28,10,188809.13,4,1,0,66229.31,1
101234,786,Spain,Female,32,1,80811.7,2,1,1,76205.37,0
101235,431,France,Male,46,6,234545.79,4,1,1,108721.35,0
101236,705,France,Male,67,7,19150.73,4,0,1,187973.3,0
101237,607,Spain,Female,62,9,240308.68,1,0,1,149680.17,1
101238,873,Germany,Male,21,0,61426.27,2,0,0,119650.83,0
101239,644,Germany,Male,66,5,2273.55,1,0,1,40933.97,0
101240,573,France,Female,53,6,108452.01,2,0,1,38377.13,0
101241,874,Spain,Male,65,8,89742.61,2,1,0,105417.41,1
101242,395,Germany,Male,40,2,134772.25,3,0,0,148454.65,0
101243,462,Spain,Male,32,1,199193.22,4,0,1,152692.31,0
101244,582,Germany,Male,63,4,210607.7,1,0,1,52923.73,1
101245,366,Spain,Female,61,9,100307.5,3,1,1,29018.91,0
101246,709,France,Male,20,0,107461.44,2,1,0,83047.59,0
101247,572,Spain,Female,49,5,37044.43,4,1,1,184452.78,0
101248,797,Germany,Male,27,8,11886.9,1,0,0,113619.78,1
101249,714,France,Female,57,9,160303.75,3,1,0,70818.96,1
101250,675,Spain,Male,55,8,16109.41,2,0,1,71491.16,0
101251,816,Germany,Female,39,6,183457.53,3,1,0,35096.54,1
101252,763,France,Male,31,10,134772.54,2,1,0,99912.51,0
101253,804,Spain,Male,34,6,49645.74,2,1,1,160358.91,0
101254,582,Germany,Male,38,7,134880.74,4,1,0,194026.15,0
101255,573,Spain,Male,68,9,45749.43,1,1,0,105303.05,1
101256,761,Spain,Female,65,1,109684.3,4,0,0,41770.83,1
101257,684,France,Female,32,5,199890.08,1,0,1,139760.58,0
101258,571,France,Male,75,4,115479.82,1,1,0,153790.36,1
101259,386,Germany,Female,32,4,37174.83,2,0,0,23622.95,0
101260,627,France,Male,18,2,180957.17,3,1,0,171526.43,1
101261,545,Germany,Male,41,2,46692.1,1,1,1,167571.25,0
101262,833,Spain,Female,72,5,184637.47,1,1,1,99782.8,1
101263,591,Spain,Female,72,9,119838.07,1,1,1,116480.28,1
101264,673,Germany,Female,29,9,113435.44,1,1,1,145547.53,0
101265,541,Spain,Male,27,6,212858.76,2,1,1,138582.14,0
101266,366,France,Male,63,0,177150.88,4,1,1,13141.84,1
101267,873,Spain,Female,59,2,8227.7,3,0,1,33262.71,0
101268,750,France,Male,59,0,74043.58,2,0,0,40892.21,1
101269,371,Germany,Female,69,9,217730.17,2,1,0,153578.42,1
101270,823,Germany,Female,78,2,4581.54,2,0,1,93615.88,0
101271,469,Spain,Female,48,4,136313.36,1,1,1,113645.5,0
101272,559,Spain,Female,28,8,181956.42,3,0,1,156810.61,0
101273,655,France,Female,71,2,155464.02,2,0,0,74786.63,1
101274,619,France,Female,33,9,190133.05,2,1,0,152289.14,1
101275,634,Spain,Male,78,9,181422.96,2,1,0,94036.86,1
101276,576,Spain,Male,26,8,173007.67,1,0,0,81664.24,1
101277,730,Germany,Female,64,0,205384.97,1,1,1,73277.08,1
101278,809,Germany,Female,31,5,161422.67,2,0,0,193339.51,1
101279,356,Germany,Female,36,8,100604.62,1,1,0,156674.95,0
101280,378,Spain,Male,48,4,117977.28,3,0,0,13837.23,0
101281,382,Spain,Female,26,10,179181.2,1,0,1,191908.94,0
101282,428,Spain,Female,53,9,219076.51,2,0,1,157333.53,0
101283,808,Germany,Female,70,1,68054.7,3,1,1,38343.2,0
101284,887,Spain,Male,56,4,85519.2,1,0,0,24504.24,1
101285,831,France,Female,71,0,232684.85,2,1,0,68556.88,1
101286,779,Spain,Male,43,8,144627.95,4,1,0,128594.49,0
101287,634,Spain,Male,25,9,44740.45,4,1,1,127143.87,0
101288,865,Spain,Female,41,9,165923.78,3,1,1,62411.52,0
101289,448,Spain,Male,25,8,247690.54,3,1,0,94678.25,1
101290,746,Spain,Male,36,5,205863.39,3,0,0,50259.13,1
101291,838,France,Male,64,10,186435.28,1,1,1,19609.95,1
101292,388,France,Female,65,8,52011.66,3,1,0,108224.39,1
101293,620,Spain,Male,47,2,219034.95,1,0,0,75928.32,1
101294,506,Germany,Female,75,3,131447.21,2,0,0,113147.66,1
101295,424,Spain,Female,39,5,222322.51,1,1,1,189836.39,1
101296,479,Spain,Female,72,3,82456.96,1,1,1,37240.36,0
101297,433,Spain,Male,26,0,15512.76,2,1,1,10372.78,0
101298,371,Germany,Female,75,6,118993.99,4,0,1,24606.86,0
101299,808,Germany,Male,75,4,67459.4,1,1,1,97914.58,0
101300,888,Germany,Male,79,7,178807.32,1,1,1,144317.09,1
101301,731,France,Male,61,8,239276.64,2,0,1,120345.08,0
101302,789,Germany,Male,65,4,172743.54,3,0,1,104029.98,1
101303,370,France,Female,21,7,221733.48,2,0,1,77252.99,0
101304,652,France,Female,54,0,113256.0,4,1,0,68895.09,1
101305,433,Germany,Male,25,0,192910.18,3,1,0,81494.37,1
101306,802,Germany,Female,18,6,210760.86,4,1,0,126210.64,1
101307,736,Germany,Female,45,5,177718.91,1,0,0,41873.25,1
101308,856,France,Female,23,4,126944.32,4,0,1,156558.8,0
101309,606,Spain,Male,64,4,156466.53,4,1,0,119298.12,1
101310,876,Germany,Female,53,8,175126.75,2,0,0,61139.71,1
101311,511,Germany,Male,70,0,63271.1,3,0,0,105219.06,1
101312,512,Germany,Female,28,7,202394.82,1,0,1,192927.95,0
101313,873,France,Male,22,1,237581.13,1,0,0,13893.39,1
101314,620,France,Male,67,6,116309.83,1,1,0,47909.3,1
101315,841,Spain,Male,41,5,175266.8,3,1,0,95192.25,1
101316,557,Germany,Female,64,9,184256.48,3,0,1,131303.55,0
101317,888,France,Male,35,1,165561.89,4,0,0,50323.37,1
101318,409,Spain,Female,37,2,136778.78,4,0,1,186966.75,0
101319,779,Germany,Male,45,3,220411.99,3,0,1,132088.68,0
101320,658,France,Female,30,6,112231.68,1,0,0,176712.07,0
101321,869,Germany,Male,22,7,15275.74,3,1,1,72570.41,0
101322,376,Germany,Female,47,10,211139.09,2,0,1,167501.25,0
101323,548,France,Male,18,1,168495.32,3,1,0,81861.65,1
101324,736,France,Male,39,7,212314.66,3,1,1,58022.84,0
101325,698,France,Male,35,10,34636.86,1,0,0,183214.51,1
101326,885,Germany,Female,63,8,7688.24,4,1,0,27521.51,1
101327,727,Germany,Male,22,6,233593.64,2,0,0,189148.87,1
101328,876,Spain,Male,48,0,36932.08,2,0,1,97117.89,0
101329,502,Germany,Male,23,5,202413.08,2,0,0,198598.84,1
101330,555,France,Male,44,7,205802.49,3,1,0,112522.98,1
101331,804,Germany,Female,73,4,177176.3,1,1,0,153922.75,1
101332,622,Spain,Male,42,1,32815.55,3,1,1,11343.49,0
101333,585,Spain,Male,46,4,166849.66,4,0,0,104366.7,1
101334,870,France,Female,45,7,222271.65,1,1,1,150116.16,0
101335,850,France,Female,33,1,106382.91,2,1,1,158737.13,0
101336,466,Spain,Female,71,0,103379.21,3,1,0,40029.23,1
101337,735,Spain,Male,70,3,110714.58,1,0,1,89604.48,1
101338,693,Spain,Female,29,3,20567.97,3,1,0,89623.67,0
101339,744,France,Female,37,8,223006.39,1,0,1,29691.75,0
101340,413,Spain,Female,35,2,217295.72,2,1,0,94178.65,1
101341,421,Spain,Male,51,3,249477.33,4,1,0,163347.66,1
101342,623,France,Male,72,2,146295.79,4,1,1,67034.34,0
101343,669,Germany,Male,70,1,187797.91,3,0,0,92189.16,1
101344,687,Germany,Female,40,3,50667.98,2,0,0,192582.15,0
101345,715,Spain,Male,62,7,166882.2,3,1,1,16024.53,1
101346,844,Germany,Female,44,0,162433.21,3,1,1,122389.14,0
101347,515,Germany,Female,66,7,225302.18,1,0,1,151252.86,1
101348,893,Germany,Female,34,7,207698.18,1,0,1,154567.66,1
101349,360,Germany,Male,65,2,234616.62,1,1,1,146028.22,1
101350,650,Spain,Female,38,9,217208.37,2,1,0,148025.77,1
101351,451,Germany,Female,67,9,217173.47,2,0,0,21212.41,1
101352,774,Germany,Male,57,5,15930.83,3,1,0,111485.96,1
101353,741,France,Female,79,3,211490.49,1,0,1,158764.12,1
101354,563,Spain,Female,48,0,151869.6,2,1,1,27872.36,0
101355,437,France,Female,20,0,95111.11,3,1,0,12289.49,0
101356,750,France,Male,34,4,14128.66,2,1,1,164766.75,0
101357,395,Spain,Female,78,7,169418.44,3,1,0,145335.93,1
101358,812,Germany,Male,67,0,82050.44,4,0,0,88319.22,1
101359,659,France,Male,75,1,116944.07,1,1,1,188675.32,0
101360,435,Spain,Female,43,6,170432.11,4,1,1,155653.64,0
101361,441,Germany,Female,40,7,227943.64,3,1,1,193893.58,0
101362,591,Spain,Female,23,2,206359.23,3,1,1,186569.9,0
101363,351,France,Female,45,10,112649.28,1,1,1,101445.78,0
101364,574,Germany,Male,25,7,96945.79,1,1,1,153394.71,0
101365,465,Germany,Male,72,0,59944.93,3,0,0,137146.36,1
101366,452,Spain,Female,79,8,93106.69,2,1,1,164174.59,0
101367,543,Germany,Male,75,1,27761.6,1,0,0,159660.8,1
101368,515,France,Female,62,1,242776.38,3,0,0,39114.07,1
101369,439,France,Female,25,3,143479.36,1,0,0,54409.75,1
101370,471,France,Female,36,9,31951.46,1,0,1,60489.0,0
101371,492,Spain,Female,55,2,88201.5,4,1,0,165514.73,1
101372,455,Germany,Male,46,3,136759.79,4,1,1,164040.92,0
101373,777,Germany,Male,40,5,133221.41,2,1,1,104113.72,0
101374,654,Germany,Female,64,6,8875.84,1,0,1,120358.13,0
101375,666,France,Female,49,4,237710.26,3,1,1,167115.21,0
101376,358,Germany,Male,27,1,68843.92,3,0,1,69392.78,0
101377,422,France,Male,44,2,4046.17,1,0,0,19533.97,1
101378,708,Germany,Male,66,9,19111.0,1,1,1,101693.32,0
101379,572,France,Female,18,10,145048.73,2,0,0,183606.26,0
101380,765,Germany,Male,56,2,34446.38,2,0,1,160188.97,0
101381,719,Spain,Female,46,4,10431.2,2,0,1,79657.29,0
101382,613,Spain,Female,76,10,94906.62,3,0,1,22306.56,0
101383,667,France,Male,62,4,155690.3,4,1,0,131014.71,1
101384,433,France,Female,20,3,27959.95,2,0,0,168553.25,0
101385,667,Germany,Male,68,7,78331.96,3,0,0,136340.23,1
101386,460,Germany,Female,64,5,104440.17,2,0,0,90764.19,1
101387,600,Spain,Female,54,5,39865.02,3,1,1,33437.19,0
101388,732,Germany,Female,48,0,126518.47,1,1,1,183047.11,0
101389,356,France,Female,28,5,21303.52,3,0,0,62432.08,0
101390,808,France,Female,39,2,11629.62,1,1,0,52614.54,1
101391,433,France,Female,35,5,129958.84,3,1,0,165035.57,0
101392,557,France,Male,52,9,61974.24,4,1,0,196431.79,1
101393,739,France,Male,23,10,23843.45,3,1,1,135430.45,0
101394,663,Spain,Female,20,5,105978.15,1,0,1,128713.99,0
101395,371,Spain,Male,79,1,228785.18,4,0,1,70691.87,0
101396,759,France,Female,22,0,181048.11,3,1,0,13878.56,1
101397,864,Germany,Male,26,10,203903.98,3,1,0,46441.59,1
101398,476,France,Male,45,2,217978.5,2,1,1,121041.78,0
101399,363,Spain,Female,36,4,243156.94,4,1,0,38750.13,1
101400,361,France,Male,45,3,190811.64,1,1,0,177928.8,1
101401,436,Spain,Female,44,6,152101.98,4,1,0,45747.49,1
101402,873,Spain,Male,30,3,91356.47,1,1,1,109199.85,0
101403,886,France,Female,78,7,45410.81,2,0,0,107282.52,1
101404,650,France,Male,55,6,171664.97,2,0,1,124749.67,0
101405,592,Germany,Female,60,9,248737.5,1,1,0,72212.47,1
101406,471,Spain,Male,70,8,116839.67,1,1,0,175971.5,1
101407,496,Germany,Female,38,0,180919.84,1,0,1,94417.29,1
101408,705,France,Male,44,4,123773.11,2,0,1,143029.18,0
101409,658,Spain,Female,79,3,107983.36,4,1,1,130823.06,0
101410,637,Germany,Male,63,5,102576.4,2,0,1,32259.66,0
101411,656,Germany,Female,23,0,126156.17,3,0,0,128301.48,0
101412,898,Germany,Male,55,5,91723.92,2,1,0,114633.51,1
101413,701,France,Female,66,0,187193.33,3,0,1,180734.77,1
101414,661,France,Female,28,0,218568.01,3,1,1,177366.56,0
101415,408,France,Female,64,7,220721.33,2,0,0,38681.41,1
101416,384,Spain,Female,58,1,56924.68,2,1,0,25520.18,1
101417,794,France,Male,70,9,223977.28,2,0,0,65972.52,1
101418,442,Spain,Male,34,5,85387.81,4,0,1,197456.44,0
101419,556,Germany,Male,73,5,77326.92,2,1,1,14099.02,0
101420,702,Germany,Female,56,5,181689.01,1,0,0,137849.53,1
101421,681,France,Female,24,7,76174.09,2,0,1,125617.61,0
101422,508,Germany,Female,47,3,13241.6,3,1,0,132849.87,0
101423,373,France,Female,38,2,93404.44,4,0,1,51474.32,0
101424,753,Spain,Female,18,5,180366.4,4,0,1,53076.3,0
101425,865,Germany,Male,42,3,81739.61,3,1,0,91822.0,0
101426,713,France,Male,49,1,157389.76,4,1,0,28212.98,1
101427,731,Germany,Male,76,5,165029.86,4,1,1,24176.51,1
101428,881,Germany,Female,74,9,183434.0,1,1,0,26788.3,1
101429,501,France,Female,25,4,224282.62,1,1,1,118866.04,0
101430,769,Germany,Female,22,10,108141.12,4,1,0,85570.95,0
101431,599,Germany,Female,47,8,41608.02,2,1,0,65787.19,0
101432,466,Germany,Female,68,10,79731.43,4,1,1,70005.68,0
101433,861,Germany,Female,25,5,108041.81,1,0,0,49383.83,1
101434,684,Spain,Female,66,2,178472.87,4,0,1,88186.01,1
101435,767,Germany,Male,36,10,3280.53,2,1,1,48581.03,0
101436,644,Germany,Male,61,4,78946.35,2,0,1,142628.75,0
101437,720,France,Female,76,9,194960.65,1,1,1,33547.18,1
101438,535,Spain,Female,72,7,167714.43,4,0,0,190166.0,1
101439,595,France,Female,47,8,182934.99,1,0,1,27065.6,0
101440,617,France,Male,32,7,202952.69,3,1,1,189257.54,0
101441,586,France,Male,53,2,195808.93,1,0,1,168326.04,1
101442,879,Spain,Female,72,8,170545.79,1,0,0,139335.3,1
101443,370,France,Male,61,2,109915.38,1,0,1,183337.31,1
101444,869,France,Male,44,7,245899.58,4,1,1,36451.57,0
101445,449,France,Male,30,9,142268.3,3,0,0,43499.81,0
101446,827,Germany,Female,31,8,50692.3,4,0,1,57908.99,0
101447,647,France,Male,54,6,73203.21,2,1,1,56514.19,0
101448,875,Spain,Male,71,3,173390.61,3,0,0,69061.17,1
101449,683,Spain,Female,65,9,231184.89,1,0,1,119369.87,1
101450,351,Germany,Female,47,8,44680.03,1,0,1,15352.8,0
101451,724,Spain,Male,56,2,20586.62,1,0,0,82631.79,1
101452,642,Spain,Female,64,2,220382.76,4,1,0,56813.17,1
101453,667,Germany,Male,30,1,228819.49,2,1,0,125259.67,1
101454,851,France,Male,75,9,69094.84,3,1,1,197182.17,0
101455,730,Germany,Female,33,2,94321.43,3,0,1,108354.38,0
101456,363,France,Female,61,0,165047.0,4,1,0,90880.2,1
101457,853,France,Male,24,3,82482.51,2,0,1,79966.27,0
101458,580,Spain,Female,65,7,219289.68,3,0,0,159140.35,1
101459,433,Germany,Female,72,4,26894.68,4,1,1,23676.38,0
101460,479,Spain,Male,72,1,9495.56,2,1,0,192356.4,1
101461,494,Spain,Male,44,2,52121.55,2,1,0,89404.4,0
101462,377,France,Male,62,0,71521.94,3,0,0,69603.14,1
101463,415,Spain,Male,78,1,28231.65,3,0,1,195072.94,0
101464,512,Germany,Male,72,0,16422.61,2,0,0,187816.98,1
101465,578,Spain,Male,52,1,188901.93,3,0,0,131967.49,1
101466,610,Spain,Female,32,2,41069.14,4,1,1,13516.4,0
101467,798,France,Female,45,0,228480.55,2,1,0,152221.65,1
101468,773,Germany,Male,52,10,91999.92,3,0,1,73755.91,0
101469,809,Spain,Female,24,8,167651.45,3,0,0,83773.24,1
101470,650,France,Female,79,9,56350.53,4,1,0,40161.0,1
101471,652,Spain,Male,67,4,60080.69,3,1,0,109457.04,1
101472,636,Germany,Female,63,7,143677.3,3,0,0,151464.99,1
101473,744,Spain,Female,67,4,140160.73,3,1,0,61872.11,1
101474,359,Spain,Male,68,7,192182.31,1,0,0,188359.25,1
101475,619,France,Female,63,6,189453.33,4,0,0,47000.0,1
101476,710,Spain,Female,37,3,167671.94,4,0,1,22589.84,0
101477,606,France,Male,49,6,112282.64,1,0,0,132429.14,1
101478,482,Germany,Female,55,5,222660.1,4,1,1,171370.56,0
101479,625,Spain,Female,78,2,155644.62,3,1,1,191095.24,0
101480,862,Germany,Female,57,8,247549.62,3,0,1,155762.49,1
101481,662,Germany,Male,49,9,204842.45,3,0,1,47933.5,0
101482,633,Spain,Male,43,8,11077.45,4,0,1,195755.63,0
101483,470,France,Female,75,4,80148.48,4,0,1,184692.82,0
101484,456,Germany,Female,56,7,142968.93,2,0,0,41001.81,1
101485,553,Germany,Male,37,6,180367.38,1,1,0,116169.31,1
101486,514,Spain,Male,35,8,137584.12,4,0,0,115548.31,0
101487,654,Spain,Female,67,6,196532.61,2,1,0,94081.61,1
101488,846,Spain,Male,32,3,70663.91,1,0,0,197013.45,0
101489,505,Spain,Female,69,3,45978.01,1,0,1,21328.23,0
101490,716,Spain,Female,39,10,13479.17,3,0,1,129169.69,0
101491,600,Spain,Male,68,7,143328.44,3,0,1,49007.69,0
101492,683,France,Male,39,5,172149.88,2,1,0,110192.93,1
101493,860,Germany,Female,70,8,81537.43,2,1,0,158150.75,1
101494,642,France,Female,38,9,153396.05,3,1,0,56878.09,1
101495,369,France,Male,19,6,13039.31,3,0,0,84738.31,0
101496,631,Spain,Female,57,6,24823.34,1,1,1,190645.93,1
101497,350,Germany,Male,70,3,175438.69,1,0,1,154681.34,1
101498,468,France,Male,60,2,92017.43,4,0,0,118817.41,1
101499,384,Spain,Male,35,7,167833.51,3,1,1,52179.5,0
101500,547,Spain,Male,40,6,207930.28,1,0,0,90808.03,1
101501,834,Germany,Male,30,3,213155.61,2,0,0,157071.65,1
101502,408,France,Female,58,3,43041.91,1,1,0,165903.18,1
101503,510,France,Male,26,0,121571.39,3,1,1,56475.18,0
101504,555,France,Male,66,10,183481.68,1,0,1,135791.44,1
101505,361,Spain,Male,24,6,193495.15,3,1,1,28050.57,0
101506,839,Germany,Male,58,0,196169.0,1,1,0,14410.34,1
101507,625,Germany,Male,71,9,57041.83,4,1,0,114248.05,1
101508,591,France,Male,18,9,48133.7,4,0,0,52632.17,0
101509,565,Spain,Male,19,3,147503.12,2,0,1,24993.29,0
101510,600,France,Female,21,10,185271.45,2,1,0,148667.38,1
101511,475,Germany,Female,31,2,79784.88,3,0,0,104615.17,0
101512,566,Spain,Female,49,10,26176.29,3,0,1,161292.63,0
101513,655,France,Female,53,2,179186.6,3,1,0,136149.41,1
101514,534,France,Male,19,0,74924.46,1,1,1,148662.94,0
101515,388,Spain,Female,57,3,41590.68,1,1,1,68398.51,0
101516,572,Germany,Male,67,0,36930.88,1,0,0,60022.41,1
101517,533,Spain,Female,68,7,78727.39,2,0,0,124166.23,1
101518,844,France,Female,31,0,148169.52,3,0,0,48015.61,0
101519,776,France,Male,37,5,89600.56,1,0,0,164928.3,1
101520,527,France,Male,42,6,5165.46,2,1,1,109354.83,0
101521,777,France,Female,59,9,24227.11,4,1,1,53128.09,0
101522,643,Germany,Female,66,1,72625.81,3,1,1,128781.96,0
101523,500,Germany,Female,25,3,164926.12,4,1,1,189556.79,0
101524,733,France,Female,45,10,24628.77,2,1,1,25598.0,0
101525,657,Germany,Male,63,2,140164.21,3,0,1,30775.59,0
101526,685,Germany,Female,38,8,29971.47,1,1,1,170329.44,0
101527,724,Germany,Female,40,6,52903.83,2,0,0,30822.82,0
101528,357,France,Female,49,1,43047.13,4,0,0,17481.32,0
101529,690,Spain,Female,25,10,16807.16,4,1,0,76106.81,0
101530,478,Spain,Female,48,5,167832.45,4,0,0,98674.12,1
101531,701,Spain,Male,54,8,115850.89,2,0,0,118194.44,1
101532,707,France,Male,33,2,207763.36,2,1,0,106387.04,1
101533,866,Germany,Male,57,10,24722.71,3,0,1,183505.07,0
101534,844,Germany,Male,59,5,36183.23,3,1,0,156046.94,1
101535,435,France,Male,44,2,76614.43,4,1,0,196923.95,0
101536,524,France,Female,57,2,191466.5,2,0,1,100526.53,1
101537,542,Spain,Male,58,3,76439.71,3,0,1,26022.63,0
101538,660,Spain,Male,35,8,102104.68,2,1,0,191550.82,0
101539,468,France,Female,52,10,75400.89,1,0,1,10781.5,0
101540,567,Spain,Male,66,7,20056.07,2,1,0,157458.24,1
101541,776,Germany,Male,69,0,234858.41,4,1,1,15943.59,1
101542,763,France,Male,32,10,137134.75,2,1,0,154630.7,0
101543,463,France,Male,70,0,196958.3,4,1,0,188208.4,1
101544,494,Germany,Female,44,6,164589.27,3,1,0,83959.46,1
101545,887,Germany,Female,34,2,128563.57,3,1,1,55783.32,0
101546,652,Germany,Male,57,10,22419.56,3,0,1,52993.04,0
101547,694,Spain,Female,19,6,160683.39,1,1,0,103426.35,1
101548,350,France,Male,66,8,38842.59,4,0,1,42468.54,0
101549,496,Spain,Female,67,2,103595.79,1,0,1,137855.49,1
101550,636,Germany,Female,48,2,157278.29,1,0,0,79986.95,1
101551,402,Spain,Female,78,1,195557.25,3,1,0,71390.8,1
101552,653,Germany,Female,54,9,171261.29,4,1,1,97644.26,1
101553,418,Spain,Female,58,0,167883.38,2,0,1,113091.63,1
101554,710,Spain,Female,58,8,37260.55,2,1,0,36966.75,1
101555,569,Germany,Female,51,5,86532.14,4,0,1,144475.04,0
101556,510,Spain,Female,51,5,10728.07,2,1,1,177759.95,0
101557,438,France,Female,68,7,179869.22,3,1,1,62817.51,0
101558,508,Spain,Female,72,10,238146.5,3,1,0,44274.27,1
101559,838,Spain,Female,76,4,66027.6,1,0,1,154496.03,1
101560,673,France,Male,20,8,21924.18,3,0,1,44872.93,0
101561,730,Germany,Female,34,10,118892.52,2,0,0,17838.48,0
101562,451,France,Male,31,4,214174.56,1,1,1,127656.21,0
101563,843,Spain,Female,31,1,137993.55,4,1,0,55552.77,0
101564,368,Germany,Male,63,5,11694.29,4,0,0,42643.98,1
101565,803,Spain,Male,55,8,243568.06,1,0,0,196504.52,1
101566,831,Spain,Male,52,2,207162.48,3,0,0,65454.35,1
101567,746,France,Female,18,9,32898.52,1,1,0,181654.23,0
101568,628,France,Female,79,3,230449.44,1,0,0,43861.57,1
101569,714,Germany,Female,65,9,112672.07,3,1,1,165605.66,0
101570,680,Germany,Female,46,10,92974.5,4,1,0,105383.59,0
101571,693,Germany,Male,21,7,115263.33,1,0,1,24933.01,0
101572,804,Spain,Female,78,5,208642.99,4,1,0,149385.01,1
101573,414,France,Female,50,6,164869.92,2,1,0,179493.94,1
101574,425,France,Female,34,6,14812.11,3,1,1,40973.23,0
101575,492,France,Female,45,3,239401.09,2,1,0,147862.15,1
101576,822,Germany,Female,67,5,36946.03,4,0,0,94559.98,1
101577,766,France,Female,43,8,186391.99,2,1,0,153235.39,1
101578,654,France,Female,25,2,159034.13,2,0,0,145646.31,1
101579,846,France,Female,51,7,46882.01,2,1,1,15054.04,0
101580,640,Germany,Male,76,6,42683.02,1,0,0,43957.0,1
101581,451,France,Male,35,3,217581.9,1,1,0,99495.18,1
101582,616,Germany,Female,48,9,104923.73,3,0,0,187382.89,0
101583,352,France,Female,76,2,163644.13,4,1,1,74993.96,0
101584,434,France,Female,44,6,126017.75,4,0,0,129485.96,0
101585,677,France,Female,33,9,181838.38,3,0,0,12295.91,1
101586,799,Germany,Male,75,8,119810.59,4,0,1,145114.12,0
101587,803,Germany,Male,27,9,71844.98,4,1,0,124582.97,0
101588,570,France,Female,57,2,90845.84,2,1,1,145925.0,0
101589,503,Spain,Male,29,9,214769.42,2,0,1,181885.52,0
101590,361,Germany,Male,39,8,117008.67,4,1,1,37834.8,0
101591,482,Germany,Female,33,7,53362.33,3,0,1,59702.02,0
101592,653,France,Female,29,2,233651.35,3,0,1,199198.37,0
101593,642,Spain,Female,28,7,199150.11,4,1,0,39693.95,1
101594,649,France,Male,37,3,13916.54,3,1,0,146919.13,0
101595,392,Germany,Male,68,5,249735.74,3,1,1,147764.42,1
101596,692,Germany,Female,18,9,173731.67,2,1,0,139768.81,1
101597,675,France,Female,44,1,40066.65,3,1,0,53213.71,0
101598,847,France,Male,20,7,59291.92,1,1,1,50875.47,0
101599,713,Spain,Male,29,8,173111.37,2,0,1,136604.8,0
101600,776,Spain,Female,47,6,194940.26,1,0,0,45387.54,1
101601,370,Germany,Male,26,7,59758.99,4,0,0,135697.03,0
101602,756,Spain,Female,70,6,64242.21,3,1,1,103580.37,0
101603,685,Spain,Female,78,10,76780.17,1,0,0,83459.48,1
101604,466,Germany,Male,71,9,149504.59,3,1,1,67044.15,0
101605,473,Germany,Male,54,3,42954.04,1,1,1,190039.62,0
101606,748,Germany,Male,18,0,26060.8,2,1,1,106537.79,0
101607,400,Germany,Female,59,2,169716.02,4,0,0,116637.87,1
101608,673,France,Female,66,6,194774.48,1,0,1,190358.66,1
101609,490,Germany,Female,21,10,125232.35,2,1,1,134236.69,0
101610,819,Germany,Female,32,10,90958.18,4,0,1,191992.06,0
101611,683,Germany,Female,68,6,108010.68,1,1,1,30209.68,0
101612,722,Spain,Female,44,10,97101.96,1,1,1,170861.53,0
101613,843,Germany,Male,25,2,239996.23,2,0,0,73728.78,1
101614,888,France,Female,77,0,192022.48,4,1,0,163992.63,1
101615,505,France,Female,77,9,52021.8,4,1,0,172570.96,1
101616,640,Germany,Female,40,8,96047.29,2,1,1,61582.7,0
101617,493,France,Female,32,5,136003.07,3,1,0,87677.82,0
101618,455,Spain,Male,44,6,153246.47,2,0,1,147942.73,0
101619,769,Germany,Female,48,0,117045.97,4,0,0,28820.57,0
101620,351,France,Male,56,0,202531.66,2,1,0,153551.37,1
101621,439,France,Male,64,3,191901.5,3,1,1,30989.86,0
101622,694,Germany,Female,25,6,126289.48,2,1,0,183746.59,0
101623,699,France,Female,47,10,213607.35,2,0,0,62504.47,1
101624,808,Germany,Male,75,10,187772.38,1,0,0,119363.88,1
101625,612,France,Male,72,7,194645.46,3,0,1,32259.17,1
101626,700,Spain,Female,59,9,239100.19,4,0,0,61203.7,1
101627,457,France,Male,35,8,66616.74,3,0,1,86751.46,0
101628,388,France,Female,21,0,66912.04,4,1,1,102539.29,0
101629,508,Germany,Female,64,3,222238.06,4,0,1,10012.82,1
101630,661,France,Male,60,3,193056.59,1,0,0,178844.59,1
101631,590,Germany,Female,39,2,231636.39,3,1,0,11458.21,1
101632,794,Spain,Female,20,6,15782.54,1,0,1,157000.07,0
101633,647,Germany,Female,32,0,156939.27,2,1,1,99409.99,0
101634,385,Germany,Male,52,8,36157.08,3,1,0,109537.2,1
101635,433,France,Male,64,7,125974.3,2,0,0,49570.44,1
101636,801,Spain,Male,55,1,38936.73,3,0,0,125399.99,1
101637,734,Germany,Female,50,1,32019.63,4,0,0,112074.06,0
101638,521,France,Male,31,7,3042.09,2,0,1,41204.92,0
101639,725,France,Male,65,10,157559.7,3,1,0,55242.61,1
101640,711,Germany,Male,18,0,89755.65,3,1,1,22711.69,0
101641,490,France,Female,70,6,26297.07,2,0,1,22593.88,0
101642,467,Germany,Female,66,8,80709.44,1,1,0,12617.4,1
101643,626,Germany,Male,43,2,42236.02,3,1,0,51890.12,0
101644,569,Germany,Male,25,6,235423.71,1,1,0,139135.63,1
101645,375,Spain,Male,67,5,80001.22,1,0,0,70080.92,1
101646,870,Germany,Female,33,6,83488.38,1,1,0,75119.51,1
101647,359,France,Male,55,6,209964.5,1,1,0,35062.02,1
101648,727,Spain,Female,27,9,161938.94,1,1,0,119339.43,1
101649,501,France,Female,59,0,177542.9,4,0,1,75007.29,0
101650,398,Spain,Female,54,2,159000.45,1,1,1,138500.19,1
101651,503,Spain,Male,43,9,236549.07,4,1,0,150877.3,1
101652,642,Spain,Male,45,0,51750.21,3,1,1,121091.65,0
101653,399,Spain,Female,29,4,247259.81,4,1,1,62453.21,0
101654,880,France,Female,37,2,207739.04,4,1,0,106635.48,1
101655,409,Germany,Female,66,0,147243.15,1,1,1,57866.85,1
101656,516,France,Female,31,1,165592.91,3,1,0,181553.44,1
101657,551,Germany,Male,63,9,162206.47,3,0,0,155613.29,1
101658,495,France,Male,52,4,14599.06,3,0,1,103671.12,0
101659,788,Spain,Female,46,10,54504.12,2,0,0,193436.86,0
101660,591,Spain,Female,29,2,240367.72,4,0,0,113883.53,1
101661,832,Germany,Female,69,5,133591.11,1,0,0,72421.74,1
101662,457,Germany,Male,35,8,94588.4,2,0,1,28138.79,0
101663,575,France,Female,61,5,190509.62,1,1,1,113311.67,1
101664,781,Germany,Male,19,1,131129.74,2,0,0,173479.16,0
101665,768,France,Female,19,1,3290.69,3,0,0,174676.56,0
101666,804,Germany,Male,76,7,184059.4,2,0,1,124867.74,1
101667,509,Germany,Male,34,10,183054.39,3,0,1,84753.29,0
101668,872,Germany,Female,27,7,41287.18,2,1,0,133556.3,0
101669,426,Spain,Male,35,5,239165.02,1,1,1,154806.67,0
101670,858,Spain,Male,39,9,55977.03,1,1,0,88208.71,1
101671,790,France,Male,36,6,114437.34,2,1,1,100488.29,0
101672,603,Germany,Male,75,0,28683.99,4,0,1,139317.1,0
101673,669,France,Female,70,8,150820.58,4,1,1,176564.0,0
101674,612,Germany,Female,18,4,93862.78,2,0,1,160291.97,0
101675,723,Spain,Female,41,8,88293.37,4,1,0,14254.36,0
101676,516,Spain,Female,78,1,206744.22,1,0,0,33630.75,1
101677,808,Germany,Female,53,7,2390.43,4,0,1,172027.85,0
101678,629,Germany,Male,42,6,199486.69,2,1,0,168426.34,1
101679,651,Spain,Male,53,10,142862.14,4,1,0,83873.29,1
101680,880,Spain,Male,79,3,246524.63,2,1,1,121012.81,1
101681,567,France,Male,48,2,147360.81,1,1,1,182110.55,0
101682,451,Spain,Female,48,3,13844.78,3,1,0,183196.15,0
101683,637,Germany,Female,19,3,12661.33,1,1,1,158787.64,0
101684,516,France,Male,36,9,220788.25,1,1,0,49821.9,1
101685,385,Germany,Female,70,9,210303.54,2,0,1,148753.73,1
101686,702,France,Male,29,7,86472.52,1,1,0,29208.7,1
101687,422,Germany,Male,27,3,154508.12,1,0,1,179848.31,1
101688,702,Spain,Female,48,4,122397.84,4,0,1,38338.27,0
101689,419,Germany,Female,62,1,241791.01,2,1,0,135846.24,1
101690,774,France,Female,78,3,237490.23,4,0,1,125946.22,1
101691,866,Germany,Female,79,6,245959.75,2,1,0,157610.93,1
101692,777,France,Female,39,2,216612.2,4,0,0,114799.73,1
101693,888,Germany,Female,40,0,227387.9,4,1,1,21317.65,0
101694,509,Spain,Female,69,7,54319.69,3,1,1,144110.79,0
101695,498,Spain,Male,40,7,207751.7,1,1,1,82799.37,0
101696,579,Germany,Female,32,5,177214.28,4,1,1,70854.15,0
101697,416,Germany,Male,43,6,240696.63,3,1,0,198417.97,1
101698,730,Germany,Male,20,9,142815.46,4,0,0,122175.96,0
101699,407,France,Female,40,10,21291.79,4,1,1,145036.62,0
101700,608,Germany,Male,37,1,149349.72,3,1,0,110001.97,0
101701,691,Germany,Female,78,4,171645.23,3,0,1,156294.8,0
101702,479,France,Male,62,6,55080.26,3,1,0,152893.82,1
101703,521,Spain,Male,57,8,98528.35,1,0,1,134857.76,1
101704,558,Germany,Male,74,0,149625.85,1,1,1,199571.18,0
101705,703,Germany,Female,56,2,93526.43,4,0,0,97360.77,1
101706,820,Spain,Male,73,5,93736.93,1,1,1,144176.55,1
101707,465,Spain,Male,25,6,33271.66,3,1,0,161577.81,0
101708,613,France,Male,35,5,235186.68,2,0,1,81446.59,0
101709,791,Germany,Female,58,0,187623.6,1,0,0,96863.26,1
101710,897,Germany,Male,23,3,310.86,3,0,0,194141.78,0
101711,802,France,Female,44,5,191403.32,3,0,0,16135.29,1
101712,826,Spain,Male,53,7,184948.75,3,0,0,73706.17,1
101713,636,France,Male,32,9,2432.74,3,1,1,102380.46,0
101714,652,Spain,Male,54,3,92401.07,4,1,1,10278.35,0
101715,660,France,Female,75,6,151686.92,3,0,1,180834.15,1
101716,557,Spain,Male,22,10,113187.66,3,0,0,64386.44,0
101717,795,France,Male,56,2,194496.53,4,0,1,58963.92,0
101718,404,Spain,Male,79,7,106364.58,1,1,1,165861.98,1
101719,361,Spain,Male,26,0,38465.74,2,1,1,62816.81,0
101720,749,Spain,Female,24,3,244103.91,4,0,1,134948.29,0
101721,864,Spain,Male,58,7,60510.0,4,1,0,166085.6,1
101722,891,Spain,Male,37,9,179423.08,1,0,1,160570.6,0
101723,586,Germany,Male,27,3,35789.08,1,1,1,158570.64,0
101724,628,Spain,Male,79,1,82253.15,3,0,0,26841.14,1
101725,697,Germany,Female,43,1,110506.9,1,0,1,25170.92,0
101726,453,Spain,Male,21,3,48058.0,2,1,0,68286.31,0
101727,866,Germany,Male,55,3,112489.89,4,1,1,16830.1,0
101728,597,Germany,Female,41,1,39290.71,2,0,0,105081.65,0
101729,713,France,Male,31,6,139751.63,3,0,0,85008.59,0
101730,670,Spain,Male,58,5,165928.31,2,1,1,115834.92,1
101731,635,France,Male,18,10,15608.57,3,0,1,66769.82,0
101732,498,France,Female,34,2,217783.03,2,0,1,102293.26,0
101733,433,Spain,Male,62,7,46285.22,4,0,1,73601.51,0
101734,755,France,Female,41,7,56340.61,2,0,1,47089.54,0
101735,805,Spain,Female,44,0,165337.46,1,0,1,133379.67,0
101736,510,France,Female,24,2,117187.77,2,0,0,137952.82,0
101737,809,Spain,Female,26,4,124848.9,4,1,0,167554.02,0
101738,899,Spain,Female,60,1,32038.75,3,1,0,176202.84,1
101739,849,Spain,Female,52,4,201433.96,2,0,0,143847.76,1
101740,858,Germany,Female,75,10,154263.56,2,0,1,140624.64,0
101741,830,France,Male,29,9,33845.51,1,1,0,20768.38,1
101742,463,Germany,Male,38,2,93499.84,3,0,0,30858.06,0
101743,710,France,Female,20,8,202602.48,3,1,0,164386.91,1
101744,690,France,Female,32,10,142088.76,3,1,1,54260.74,0
101745,798,France,Female,38,0,27162.19,4,0,1,77557.36,0
101746,529,Germany,Female,27,3,93194.26,4,0,1,37606.5,0
101747,756,France,Female,50,9,60673.6,1,0,0,47078.87,1
101748,545,Germany,Female,63,5,129366.39,2,1,1,157329.27,0
101749,815,Spain,Male,76,8,210840.28,4,1,0,59753.33,1
101750,660,France,Male,69,2,109066.78,3,0,0,95316.64,1
101751,611,France,Female,23,2,108335.51,2,0,0,38817.56,0
101752,768,Spain,Female,19,4,226337.73,2,0,1,138806.68,0
101753,755,Spain,Female,46,6,144046.35,2,1,1,148371.25,0
101754,492,France,Male,72,4,141547.77,1,0,1,78721.54,0
101755,691,Spain,Female,57,10,65477.47,4,1,0,159101.86,1
101756,665,Germany,Male,50,7,151930.69,4,0,1,55582.26,0
101757,450,Germany,Male,78,4,143977.62,2,0,1,141461.73,0
101758,593,France,Male,21,6,99212.87,1,1,1,148693.27,0
101759,839,Germany,Female,76,5,247673.89,1,1,0,194044.9,1
101760,361,Germany,Female,21,9,220472.74,4,1,0,54141.12,1
101761,588,France,Male,46,1,187396.57,4,1,0,27804.99,1
101762,391,Spain,Male,54,2,134336.4,1,1,0,59976.73,1
101763,778,France,Male,79,10,115514.95,3,1,1,33343.82,0
101764,507,Germany,Male,77,10,46224.35,1,0,1,42241.92,1
101765,565,France,Female,77,3,76434.37,3,1,0,73481.76,1
101766,811,France,Male,37,4,193490.2,4,0,1,88658.24,0
101767,483,Germany,Female,58,8,113437.24,1,0,0,181707.6,1
101768,416,Germany,Male,40,5,220567.38,1,0,1,47167.0,1
101769,356,France,Female,62,0,36977.78,1,1,1,194634.21,1
101770,875,Germany,Male,35,2,127086.77,1,1,1,163929.11,0
101771,422,Germany,Female,66,6,161741.42,2,0,0,177479.56,1
101772,748,Germany,Female,42,7,129212.11,2,0,1,186594.36,0
101773,754,Germany,Female,18,6,222306.72,4,0,1,153115.83,0
101774,479,Germany,Male,71,4,247390.82,4,1,1,159868.17,0
101775,815,Germany,Female,32,9,28958.66,1,0,1,93185.48,0
101776,555,Spain,Male,51,7,32488.73,2,1,0,106985.54,1
101777,615,France,Female,65,8,32581.03,4,0,0,187172.23,1
101778,886,Germany,Female,37,6,170294.27,3,1,0,81868.62,1
101779,602,France,Male,71,10,93169.02,2,1,1,17969.94,0
101780,638,Spain,Female,54,8,183328.67,2,0,1,154923.33,0
101781,513,Germany,Female,44,0,101367.87,2,1,1,118899.93,0
101782,444,France,Male,39,8,156901.68,1,0,0,164826.43,1
101783,459,Germany,Female,68,2,192464.5,3,0,0,24354.74,1
101784,685,Germany,Female,22,5,137053.98,1,0,1,128034.08,0
101785,587,Germany,Female,51,7,134875.9,4,0,0,57064.12,1
101786,730,Germany,Female,56,2,22058.58,3,0,0,181621.03,1
101787,785,Germany,Male,20,3,102695.44,1,1,1,30882.89,0
101788,832,Germany,Female,34,6,136444.29,2,0,0,170183.16,0
101789,374,Germany,Female,79,6,115495.21,3,1,1,26825.31,0
101790,466,Spain,Female,41,3,225195.5,2,0,0,14768.5,1
101791,831,Spain,Female,41,8,226632.66,4,0,0,54661.29,1
101792,741,Germany,Female,20,2,205479.35,3,1,0,73278.46,1
101793,886,Germany,Female,62,7,93824.52,4,0,0,129040.47,1
101794,428,Spain,Female,24,7,179324.79,4,0,1,35027.67,0
101795,522,Spain,Female,42,3,98822.12,4,1,1,93092.69,0
101796,361,Spain,Male,73,6,58148.4,3,1,0,48810.08,1
101797,477,Germany,Male,20,3,85725.66,4,0,1,172507.63,0
101798,441,France,Male,32,0,17741.16,1,0,0,18543.64,1
101799,892,France,Male,46,0,82944.38,1,0,1,77628.17,0
101800,881,France,Female,67,0,115185.55,4,0,0,129961.08,1
101801,796,France,Female,46,1,238870.22,2,0,1,183486.75,0
101802,739,Germany,Male,27,5,78352.65,4,0,0,174918.75,0
101803,392,France,Male,49,9,225613.38,4,0,0,180086.48,1
101804,603,Spain,Male,40,10,57214.57,2,0,1,21942.13,0
101805,479,Spain,Female,56,4,47742.22,3,0,0,169775.42,1
101806,409,France,Female,26,10,129748.86,3,1,0,158183.39,0
101807,816,Spain,Male,54,1,168127.84,4,1,0,181462.01,1
101808,636,Germany,Male,69,7,11083.06,1,0,0,69199.49,1
101809,866,France,Male,57,8,55266.47,1,1,1,183235.37,1
101810,816,France,Male,31,6,113920.92,1,1,1,86501.81,0
101811,694,Germany,Male,21,8,82751.08,4,0,0,130478.94,0
101812,731,Spain,Female,37,3,178155.27,1,1,0,90594.01,1
101813,602,Germany,Male,45,6,127790.15,1,1,1,91253.2,0
101814,405,Germany,Female,31,4,40089.78,3,1,1,113861.03,0
101815,812,Spain,Male,61,4,223616.34,4,1,0,77626.07,1
101816,806,Germany,Male,51,2,73226.42,3,1,0,160620.03,1
101817,432,Spain,Female,30,8,182782.78,2,0,1,130391.36,0
101818,448,Spain,Male,48,9,194978.94,3,0,0,141053.59,1
101819,498,Germany,Female,50,4,240789.43,4,1,1,53896.61,0
101820,678,Spain,Female,69,5,124626.87,1,1,1,194219.3,0
101821,505,Germany,Male,56,2,153958.88,4,1,1,135433.46,0
101822,539,Spain,Male,45,9,83719.07,3,0,0,47467.21,0
101823,843,France,Female,42,6,169544.82,4,1,1,152593.15,0
101824,612,Spain,Female,49,8,115845.87,4,0,1,43005.68,0
101825,429,Spain,Male,26,8,109413.09,3,1,0,22043.13,0
101826,749,Germany,Female,45,9,213866.88,3,1,1,110235.15,0
101827,609,Spain,Male,75,9,12542.21,2,0,1,115169.55,0
101828,450,France,Female,48,4,220490.61,2,0,1,45903.46,0
101829,708,France,Male,34,6,213017.46,3,0,1,76192.0,0
101830,729,Spain,Female,70,2,126591.56,4,1,1,189696.17,0
101831,570,Spain,Female,40,5,122550.71,3,1,1,64150.61,0
101832,769,France,Male,30,7,90451.84,1,0,0,39557.93,1
101833,473,Germany,Female,72,7,248543.45,2,1,0,198586.77,1
101834,771,France,Female,27,1,27792.33,1,0,0,67438.05,1
101835,580,France,Female,33,5,147553.81,4,0,1,139248.2,0
101836,412,Spain,Female,23,6,170420.4,1,1,1,53996.43,0
101837,834,Spain,Female,65,6,233582.5,3,1,1,114523.03,1
101838,832,France,Female,28,2,195050.87,3,1,0,83393.58,1
101839,868,Germany,Female,75,8,160961.8,3,1,0,192700.06,1
101840,504,France,Male,69,1,29203.08,1,1,1,92233.12,1
101841,441,France,Female,20,10,93433.38,1,1,0,120993.09,0
101842,875,Germany,Female,45,2,34710.41,1,1,0,189505.59,1
101843,804,France,Male,78,10,220303.18,3,0,1,197954.52,1
101844,859,France,Female,58,1,187405.29,3,0,0,29315.09,1
101845,532,Spain,Female,32,10,189384.2,3,1,0,168520.94,1
101846,735,Germany,Male,77,8,163064.13,1,0,0,82602.13,1
101847,754,Spain,Female,30,3,126760.88,1,0,0,123017.45,0
101848,595,Spain,Female,59,1,37492.76,4,0,1,81259.14,0
101849,820,Germany,Male,69,2,82423.72,2,0,1,86212.08,0
101850,772,Germany,Male,73,3,34228.95,3,1,0,40182.93,1
101851,414,France,Female,62,9,181228.29,1,0,0,118825.63,1
101852,362,Spain,Female,34,5,40057.19,2,0,0,113876.03,0
101853,562,Germany,Male,24,4,175528.39,1,1,0,45977.6,1
101854,591,Spain,Female,45,2,173063.85,1,0,1,112928.78,0
101855,842,Spain,Male,55,9,114826.12,3,0,1,194889.36,0
101856,562,Germany,Male,30,7,33807.16,2,1,0,145737.63,0
101857,687,France,Male,77,7,78700.21,1,0,0,101386.69,1
101858,522,Spain,Female,34,6,80023.28,2,1,0,184055.96,0
101859,513,Germany,Male,32,2,175096.28,2,1,0,119309.73,1
101860,814,France,Male,53,0,28435.75,3,1,1,35659.12,0
101861,846,Spain,Male,45,4,207267.16,2,0,0,114026.83,1
101862,744,Germany,Female,32,0,190251.82,4,0,0,44384.89,1
101863,657,Spain,Female,63,5,46576.73,4,1,1,155825.92,0
101864,532,Germany,Female,70,10,179791.1,3,1,0,193763.1,1
101865,859,Germany,Male,28,6,167128.3,3,1,1,78555.53,0
101866,895,Spain,Female,73,4,187030.2,4,0,1,92634.4,1
101867,576,Spain,Female,48,3,47232.14,3,0,0,90084.33,0
101868,785,Germany,Male,21,1,39397.58,2,1,1,64207.0,0
101869,771,France,Male,52,4,59121.0,1,0,0,160894.19,1
101870,370,Spain,Female,51,8,91467.93,3,0,0,127368.38,1
101871,746,Germany,Female,69,3,198416.25,4,1,1,22169.8,0
101872,454,Germany,Male,44,1,184480.98,1,0,1,169373.2,0
101873,541,France,Female,27,5,231362.9,2,0,1,45546.76,0
101874,366,France,Male,47,7,14657.39,1,1,0,196038.72,1
101875,469,France,Male,62,1,2889.07,4,0,0,81566.0,1
101876,742,Spain,Female,37,8,174784.71,1,0,0,127125.43,1
101877,774,Germany,Female,46,6,69821.87,4,0,0,24786.49,0
101878,478,Germany,Female,75,1,83519.72,3,1,0,75486.02,1
101879,479,Germany,Female,70,10,136700.51,3,0,1,162447.25,0
101880,378,France,Male,46,4,25603.28,4,0,1,100669.61,0
101881,446,Germany,Female,40,4,160673.6,3,0,1,181874.66,0
101882,359,Spain,Female,74,6,81286.86,2,0,0,119276.3,1
101883,591,France,Female,67,4,158178.78,1,0,0,186428.72,1
101884,581,France,Male,38,10,208501.73,4,1,0,196695.88,1
101885,633,France,Female,65,5,42777.83,4,0,0,96239.97,1
101886,549,France,Female,60,8,232718.27,4,1,0,117379.75,1
101887,428,Spain,Male,27,2,132672.04,2,0,1,168634.92,0
101888,522,Germany,Male,58,2,230731.94,2,1,0,52091.27,1
101889,816,Spain,Male,29,7,51932.52,2,1,1,173709.62,0
101890,765,Germany,Male,47,9,151140.67,4,0,0,122464.83,1
101891,798,Spain,Male,78,5,100971.78,2,1,1,147845.03,0
101892,436,France,Female,68,9,193555.55,3,0,0,25172.26,1
101893,450,France,Male,50,2,151477.24,1,1,0,155575.66,1
101894,357,Spain,Male,35,1,123628.86,3,0,1,69049.51,0
101895,549,Spain,Male,31,1,228246.35,3,0,0,162994.13,1
101896,854,Germany,Male,39,1,94279.27,2,0,0,106738.98,0
101897,436,Spain,Male,38,4,54995.05,4,0,0,62176.72,0
101898,392,Spain,Male,18,4,152025.3,3,1,1,191024.34,0
101899,734,Germany,Male,66,0,156007.11,1,0,1,155361.86,1
101900,784,Germany,Male,60,1,109773.66,2,0,0,197280.35,1
101901,757,Germany,Female,69,1,121652.51,3,0,1,79249.28,0
101902,832,Spain,Female,77,3,239888.35,2,1,1,133351.73,1
101903,366,Germany,Female,32,6,183171.42,1,0,1,126201.85,1
101904,497,France,Male,53,2,27650.44,2,1,1,140635.78,0
101905,626,France,Male,64,4,53032.52,4,1,1,17280.15,0
101906,581,France,Male,71,10,243894.16,3,0,0,65426.67,1
101907,715,Spain,Female,39,8,181616.39,3,1,0,182774.14,1
101908,577,France,Male,49,4,228761.28,4,0,0,90525.81,1
101909,785,Spain,Male,75,8,75965.37,1,1,1,192522.3,1
101910,748,Spain,Male,63,0,185466.72,1,0,1,50565.6,1
101911,560,France,Female,71,8,178500.68,2,0,1,199510.55,1
101912,740,Germany,Female,50,4,73672.5,3,0,0,142540.37,0
101913,848,Spain,Male,75,7,137704.08,1,1,0,157514.75,1
101914,889,France,Female,58,4,156853.78,4,1,0,85403.62,1
101915,840,Spain,Male,76,5,120282.95,4,1,0,182331.54,1
101916,791,Germany,Male,56,7,206794.68,4,1,0,113637.95,1
101917,610,Germany,Female,40,1,208217.26,1,0,0,139378.29,1
101918,699,France,Female,60,2,212650.14,4,0,0,28013.57,1
101919,701,Spain,Female,72,10,200855.89,3,1,0,130019.33,1
101920,869,Spain,Female,19,8,122020.87,1,1,1,177025.01,0
101921,669,Spain,Male,19,4,95359.57,1,1,1,43873.81,0
101922,487,Spain,Male,55,4,207844.07,3,1,1,150167.93,1
101923,899,France,Female,72,8,122550.36,4,0,0,14826.14,1
101924,717,Germany,Female,68,9,61592.85,1,0,0,185978.57,1
101925,569,France,Male,46,2,126835.88,3,0,0,196754.25,0
101926,686,Spain,Male,69,3,35462.46,3,1,1,77294.21,0
101927,572,Spain,Male,63,6,172907.37,2,1,0,30344.03,1
101928,709,Germany,Male,77,1,83980.32,4,1,1,135129.51,0
101929,678,Spain,Female,20,7,65164.7,4,1,1,15668.56,0
101930,812,France,Female,56,4,239127.19,3,0,0,101672.39,1
101931,731,France,Female,24,0,194220.25,1,0,1,61638.04,0
101932,518,Germany,Male,53,2,196767.38,2,1,0,99934.42,1
101933,566,France,Male,46,8,155930.49,2,0,1,13472.35,0
101934,727,France,Female,72,4,209793.2,1,0,0,19806.31,1
101935,468,France,Female,54,7,189790.62,2,0,0,13035.41,1
101936,539,France,Female,66,0,149693.43,1,0,0,127635.06,1
101937,719,Spain,Male,75,6,240281.1,2,1,1,116417.65,0
101938,498,France,Female,53,6,47898.74,1,0,0,54300.02,1
101939,837,Germany,Male,40,7,235844.93,3,0,0,132862.19,1
101940,723,Germany,Female,62,2,100359.54,3,0,0,177999.38,1
101941,509,France,Female,33,0,132099.75,2,0,0,62691.2,0
101942,700,Germany,Female,65,10,30684.83,2,1,0,168078.82,1
101943,637,France,Male,48,8,135026.86,3,0,1,135876.74,0
101944,637,Germany,Male,51,0,152801.69,4,0,1,16425.88,1
101945,575,Germany,Male,67,10,249425.39,1,1,1,81278.48,1
101946,872,France,Male,18,5,243798.1,4,1,0,106473.87,1
101947,871,France,Male,35,8,241599.32,2,1,0,149022.85,1
101948,622,Spain,Male,75,1,87097.02,3,1,0,64554.81,1
101949,751,France,Female,79,3,247816.62,2,1,1,196718.72,1
101950,532,France,Male,57,1,113869.54,4,1,1,140062.55,0
101951,837,Spain,Female,60,3,212959.06,3,0,0,80834.6,1
101952,473,France,Male,73,1,54079.99,3,0,1,28434.76,0
101953,763,France,Female,73,0,126458.29,3,1,1,44459.87,0
101954,521,Spain,Female,32,10,241503.02,1,0,0,102645.47,1
101955,637,France,Male,65,2,236757.85,2,0,1,103992.12,1
101956,784,France,Female,66,7,170933.72,4,0,0,155866.57,1
101957,462,Spain,Male,34,4,199453.58,1,0,1,147973.56,0
101958,471,Spain,Male,61,3,44106.67,4,0,1,48241.88,0
101959,893,Germany,Male,27,4,180414.64,1,1,1,123041.76,0
101960,571,France,Male,37,5,154512.7,3,0,0,13918.14,1
101961,388,Germany,Female,23,5,22887.93,1,0,1,85724.01,0
101962,846,Germany,Male,25,4,28289.75,2,1,0,155180.0,0
101963,582,Spain,Female,62,10,27110.9,2,0,1,85906.63,0
101964,879,France,Female,51,5,181089.23,4,0,0,168763.29,1
101965,498,France,Female,78,8,35428.8,3,0,0,195469.51,1
101966,746,Spain,Male,49,4,116933.07,3,0,0,125370.39,0
101967,651,Germany,Female,68,5,89245.45,4,0,1,37550.77,0
101968,709,Spain,Male,71,3,137626.04,2,0,0,82138.67,1
101969,587,France,Female,59,2,176619.12,2,1,1,11801.84,1
101970,585,Spain,Male,21,5,171180.63,4,0,0,124517.93,1
101971,552,France,Male,61,10,128879.98,3,1,0,166098.02,1
101972,605,Germany,Male,67,10,116083.72,4,1,0,129688.61,1
101973,584,France,Male,56,4,99453.9,4,0,0,159356.38,1
101974,694,Germany,Female,37,3,215477.49,1,0,1,161981.75,0
101975,883,Germany,Female,41,4,82712.95,4,0,1,171692.39,0
101976,815,France,Male,41,6,64841.46,2,1,0,60666.12,0
101977,890,France,Female,72,0,185828.87,4,1,1,175541.02,0
101978,562,Germany,Male,43,0,89940.87,3,1,1,134277.86,0
101979,812,Spain,Male,42,10,211749.65,3,0,0,65047.86,1
101980,785,France,Female,53,0,81972.18,2,1,1,197586.0,0
101981,632,Germany,Male,24,1,175486.21,3,0,1,190534.65,0
101982,812,Germany,Male,27,8,11277.25,4,0,0,119143.79,0
101983,756,Spain,Male,75,4,96390.72,2,1,1,170209.59,0
101984,437,France,Male,64,8,85807.54,3,1,0,59683.95,1
101985,393,Germany,Male,29,4,204169.68,4,0,1,89047.03,0
101986,810,Spain,Female,18,6,241763.85,3,1,0,44954.63,1
101987,627,Germany,Female,69,5,115220.32,1,1,1,108819.5,0
101988,770,France,Female,67,1,206209.07,3,0,1,104240.27,1
101989,702,Spain,Male,42,2,174923.68,2,1,1,50434.51,0
101990,864,Germany,Male,33,4,241846.5,4,1,1,137832.32,0
101991,368,Spain,Male,22,3,202777.13,4,0,1,32380.16,0
101992,372,France,Male,36,10,19369.52,2,0,0,21721.38,0
101993,762,Spain,Male,21,5,178320.43,1,1,1,83131.94,1
101994,379,France,Male,23,7,133874.93,4,1,0,87866.71,0
101995,457,Germany,Female,43,7,4109.01,2,1,0,70750.72,0
101996,716,France,Male,66,2,62828.24,3,0,1,59009.86,0
101997,630,Germany,Female,56,3,230438.81,1,1,0,74367.51,1
101998,477,Germany,Male,73,0,231515.34,2,0,1,41041.36,1
101999,578,France,Female,72,1,199712.62,3,0,1,86655.97,1
102000,460,Germany,Male,56,8,245444.9,4,0,1,181874.64,1
102001,485,Spain,Female,26,9,201636.31,4,0,1,52641.11,0
102002,711,Germany,Female,62,9,2551.05,1,1,0,140045.71,1
102003,535,France,Male,69,1,71958.59,3,1,1,36939.06,0
102004,478,Spain,Male,31,5,7656.05,2,1,1,77242.26,0
102005,610,Spain,Female,65,6,23526.99,4,1,1,71023.21,0
102006,864,Germany,Male,72,5,54710.2,2,1,0,188035.58,1
102007,798,Germany,Male,26,7,125889.64,2,0,0,91316.59,0
102008,453,France,Male,32,8,211883.0,2,0,0,141188.53,1
102009,832,Spain,Female,54,7,215491.69,1,1,0,124467.93,1
102010,573,France,Male,67,4,154050.46,2,1,1,36795.71,0
102011,840,Germany,Female,70,7,232043.98,1,1,0,188512.69,1
102012,822,Spain,Female,37,9,125015.58,1,1,0,75715.17,1
102013,359,France,Male,25,9,222259.01,3,0,0,18504.09,1
102014,754,France,Female,49,8,113516.31,4,1,0,67084.3,0
102015,651,France,Male,64,7,69306.25,2,0,1,73770.41,0
102016,580,France,Male,38,1,229103.23,3,0,1,27621.61,0
102017,415,France,Female,74,1,96983.77,3,1,0,127795.71,1
102018,461,Spain,Female,58,2,125851.03,3,0,0,75885.2,1
102019,362,France,Female,36,6,82215.16,3,1,1,129535.58,0
102020,742,Spain,Female,46,8,165709.4,3,0,1,11280.71,0
102021,849,France,Female,75,7,248757.81,2,0,1,196589.2,1
102022,583,Germany,Male,48,8,6378.39,3,0,1,42398.11,0
102023,663,Germany,Female,71,5,224962.0,4,0,0,135272.89,1
102024,361,France,Male,23,0,981.51,1,0,0,145999.02,1
102025,558,Germany,Male,21,3,91056.97,1,1,1,42605.59,0
102026,363,Spain,Female,60,5,42151.7,4,0,0,31225.33,1
102027,767,France,Female,46,5,189335.45,2,1,0,38989.67,1
102028,786,Spain,Female,59,7,12652.71,1,1,0,56895.47,1
102029,726,France,Female,20,0,138371.24,4,0,1,41964.1,0
102030,369,Germany,Female,18,10,73731.53,4,1,1,138059.89,0
102031,419,Spain,Male,61,1,33417.56,3,0,1,89958.31,0
102032,560,Germany,Male,72,1,192954.55,1,1,1,112180.4,1
102033,450,Germany,Male,32,5,54354.21,3,1,0,18993.99,0
102034,481,France,Female,64,10,55918.8,2,0,1,173637.3,0
102035,730,Spain,Female,38,6,68769.2,1,1,1,42408.6,0
102036,481,Germany,Male,63,1,146691.69,1,1,0,78428.94,1
102037,369,France,Female,75,4,164916.48,4,1,1,23661.31,1
102038,885,France,Female,48,5,4400.63,1,0,0,35990.7,1
102039,576,France,Female,24,3,60467.41,2,1,1,136501.89,0
102040,503,Germany,Male,34,0,107742.71,2,1,0,141591.53,0
102041,818,France,Female,73,2,82994.24,1,0,0,138623.44,1
102042,754,Spain,Male,36,9,221042.66,4,1,0,114905.99,1
102043,551,Spain,Female,56,8,196927.18,2,0,0,190979.12,1
102044,387,Germany,Female,77,5,156472.55,3,1,1,106363.66,0
102045,537,Spain,Male,20,1,84510.6,2,1,0,95388.29,0
102046,406,France,Female,47,8,175168.09,1,1,0,57033.66,1
102047,369,Germany,Female,52,3,210909.5,3,0,1,28781.41,1
102048,622,France,Female,75,10,148707.59,1,1,0,114149.44,1
102049,468,Germany,Male,74,7,196115.37,1,0,0,69829.14,1
102050,865,Germany,Female,46,9,187276.24,1,0,1,109564.82,0
102051,570,France,Female,67,6,142934.33,4,1,1,49162.62,0
102052,875,Spain,Female,79,10,78045.8,4,1,1,169252.81,0
102053,864,Spain,Female,69,2,186445.54,2,0,0,199942.47,1
102054,685,Germany,Female,71,7,51699.09,1,1,0,71256.67,1
102055,404,France,Male,31,3,194872.09,3,1,1,170042.25,0
102056,849,France,Male,52,1,201136.67,3,1,1,175867.37,0
102057,885,Germany,Female,45,10,205536.22,3,1,1,199254.02,0
102058,511,Spain,Female,75,4,118228.99,4,0,0,75116.82,1
102059,508,France,Male,47,0,48120.19,4,1,0,153647.86,0
102060,537,Spain,Female,43,7,24930.9,1,0,1,53473.71,0
102061,409,Spain,Female,24,7,185840.31,3,0,0,128711.24,1
102062,668,Germany,Female,56,2,221565.35,3,0,0,143920.09,1
102063,560,Germany,Female,48,0,162709.59,4,0,0,150812.93,1
102064,755,Spain,Female,22,3,36040.02,4,0,1,49362.71,0
102065,458,France,Female,52,8,233724.11,3,0,1,171257.86,0
102066,425,France,Female,67,8,247275.5,3,0,0,89984.65,1
102067,891,Germany,Female,64,0,108344.65,2,1,1,51110.21,0
102068,663,Spain,Male,69,10,148706.32,4,1,0,113080.91,1
102069,466,France,Male,31,6,194307.13,1,0,0,174037.85,1
102070,368,France,Female,78,5,184097.45,1,1,1,193746.7,1
102071,781,Germany,Female,53,6,241946.8,3,1,1,152159.49,0
102072,699,Spain,Female,44,6,28720.77,4,1,1,11068.35,0
102073,532,France,Female,41,7,145181.22,1,1,0,35593.14,1
102074,462,Germany,Male,57,7,172982.85,4,0,1,24492.06,1
102075,532,France,Male,46,9,222524.61,3,1,0,29230.61,1
102076,830,France,Male,70,10,218527.41,3,0,0,82776.64,1
102077,495,France,Male,62,1,244499.95,3,1,0,74313.73,1
102078,462,Germany,Female,39,3,128019.61,4,1,0,31600.15,0
102079,825,Spain,Female,25,3,207690.22,1,0,0,177624.72,1
102080,652,Germany,Female,32,10,106820.43,2,0,1,126931.24,0
102081,467,Spain,Male,66,9,105578.47,1,0,0,161328.03,1
102082,510,France,Female,22,7,63337.09,4,1,0,80594.38,0
102083,750,Spain,Female,69,2,204559.32,1,1,1,87944.84,1
102084,547,France,Male,21,2,246453.78,2,1,0,70348.03,1
102085,609,France,Male,28,1,64085.43,1,0,1,93301.06,0
102086,396,Germany,Male,35,0,14032.9,2,0,0,125971.68,0
102087,748,France,Male,59,7,203885.61,4,0,1,103666.96,0
102088,427,Germany,Male,66,8,155057.51,3,0,1,169204.23,1
102089,473,Spain,Female,47,8,239924.7,2,0,1,181026.44,0
102090,424,Spain,Female,32,10,63059.8,4,1,1,99239.93,0
102091,486,France,Male,23,7,17756.91,3,0,1,55552.12,0
102092,749,Germany,Female,72,4,123110.57,2,0,0,189586.56,1
102093,854,France,Female,70,0,21366.51,3,1,1,149657.34,0
102094,849,Germany,Female,33,8,65447.5,1,0,1,131624.15,0
102095,487,Germany,Female,64,5,31494.47,4,0,1,151628.61,0
102096,399,Germany,Male,57,6,56033.04,4,0,0,24436.54,1
102097,603,Spain,Female,26,7,26536.16,4,0,1,22849.0,0
102098,775,Germany,Female,60,4,238476.5,4,1,0,39092.92,1
102099,896,Spain,Female,76,5,69640.68,2,0,0,38015.68,1
102100,651,Germany,Male,51,6,110974.4,1,1,1,89927.39,0
102101,698,Spain,Female,44,6,224652.95,3,0,0,39906.78,1
102102,398,Spain,Male,30,1,169330.4,4,1,0,172359.87,1
102103,423,Spain,Male,53,10,154509.37,4,1,0,119838.42,1
102104,610,France,Male,44,0,176390.8,2,0,0,79969.76,1
102105,705,Germany,Male,26,7,207205.56,2,1,0,23228.28,1
102106,609,France,Female,22,4,219417.32,2,1,1,122295.28,0
102107,644,Germany,Male,68,9,160659.92,1,1,0,32141.24,1
102108,662,Germany,Male,39,1,222501.82,3,0,0,151211.85,1
102109,531,France,Male,48,2,133849.38,1,1,0,162524.04,1
102110,713,Spain,Male,20,5,69322.71,4,1,0,113355.49,0
102111,537,Germany,Male,47,9,220019.18,2,1,0,38424.54,1
102112,892,Spain,Female,38,5,135368.21,4,0,1,159503.92,0
102113,897,France,Male,52,7,226534.4,3,0,0,68487.28,1
102114,757,Spain,Female,23,4,10041.95,3,1,0,52304.1,0
102115,763,Germany,Female,45,4,99378.94,1,1,0,99405.76,1
102116,691,Germany,Male,49,6,236951.25,1,0,1,185302.79,0
102117,569,Germany,Female,59,9,62412.52,2,1,1,66500.93,0
102118,512,France,Female,54,4,235384.06,2,0,1,182059.92,1
102119,569,Germany,Female,79,8,238475.62,4,1,0,20194.13,1
102120,619,France,Male,42,5,220535.58,2,1,0,25869.5,1
102121,749,Spain,Male,49,6,140917.01,2,0,0,142726.59,0
102122,531,Germany,Male,52,7,161734.86,4,0,0,46212.61,1
102123,554,Germany,Male,39,4,217404.25,3,1,0,70157.93,1
102124,577,Germany,Male,41,10,193974.27,2,0,0,35910.87,1
102125,599,Spain,Male,56,3,157523.46,2,1,0,73127.17,1
102126,790,Germany,Male,71,7,245564.85,4,1,0,63287.4,1
102127,882,France,Female,47,9,171419.16,4,0,0,149904.15,1
102128,545,Spain,Female,67,8,243870.5,4,1,0,143384.44,1
102129,868,Spain,Male,49,0,14347.12,4,1,0,191436.16,0
102130,419,Spain,Female,48,2,34740.09,4,0,1,147640.12,0
102131,748,Spain,Male,40,3,112864.71,2,1,1,142015.37,0
102132,552,Spain,Male,57,6,96219.87,1,1,1,141898.74,1
102133,497,France,Male,50,5,195683.71,1,1,1,177763.82,0
102134,821,Spain,Female,42,9,40153.51,1,1,0,66284.98,1
102135,548,Germany,Male,53,9,244023.79,2,0,1,67017.5,1
102136,775,Spain,Male,41,10,78766.47,3,1,1,150830.62,0
102137,841,Spain,Male,48,0,107230.93,2,1,1,53453.98,0
102138,491,Spain,Male,75,3,68686.26,1,1,1,183283.8,1
102139,662,Spain,Female,56,5,144840.9,1,1,1,111608.53,0
102140,514,Spain,Male,63,2,14657.18,4,0,0,67023.74,1
102141,663,France,Female,30,1,37419.38,4,0,1,157458.99,0
102142,370,France,Female,27,1,186449.43,4,0,1,69340.92,0
102143,431,Spain,Male,40,9,46625.15,2,1,0,193022.88,0
102144,480,France,Male,35,3,58878.61,3,1,1,196767.95,0
102145,654,Germany,Female,49,0,198245.56,3,0,0,136691.29,1
102146,720,Spain,Female,50,9,23325.29,4,0,0,31590.44,0
102147,733,Germany,Female,53,1,109368.46,3,1,0,60009.68,1
102148,794,Germany,Female,45,9,5765.85,1,0,0,107929.22,0
102149,774,Spain,Male,33,1,86701.85,1,1,1,171775.02,0
102150,510,Germany,Female,33,3,174745.35,4,1,1,45128.43,0
102151,527,Germany,Female,35,3,22525.82,4,1,0,29836.66,0
102152,839,Germany,Female,25,0,222083.66,4,1,1,24150.72,0
102153,676,Spain,Female,59,6,227374.76,3,1,0,106323.84,1
102154,638,Spain,Male,33,6,26247.59,2,1,1,178093.18,0
102155,703,Germany,Male,72,9,247683.11,4,1,1,18048.26,1
102156,377,Spain,Male,73,10,74382.39,3,1,0,50341.09,1
102157,392,Spain,Female,28,9,21025.42,4,0,1,141718.83,0
102158,772,Germany,Female,23,9,1266.78,2,0,0,166914.05,0
102159,526,Spain,Male,18,0,102130.72,4,0,0,163405.91,0
102160,878,France,Male,79,10,157452.5,1,0,1,159162.93,1
102161,843,Spain,Female,78,7,83044.81,4,1,1,34661.96,0
102162,547,France,Male,78,9,209179.34,1,0,0,85475.14,1
102163,866,Germany,Female,29,6,179151.57,1,0,0,197101.49,1
102164,863,Spain,Female,74,6,87540.38,3,1,1,197888.64,0
102165,371,Germany,Female,55,10,183577.42,3,0,1,124461.2,1
102166,461,Germany,Female,45,5,235121.93,1,0,1,144760.77,0
102167,406,Germany,Female,62,3,23274.0,1,0,1,190743.92,0
102168,415,Germany,Female,75,10,76525.99,4,0,0,95486.29,1
102169,447,Germany,Male,34,7,115831.48,4,1,1,36004.7,0
102170,493,Spain,Male,18,1,124497.53,1,0,1,137100.29,0
102171,784,France,Male,49,6,135548.91,3,0,0,192419.44,0
102172,435,Spain,Female,25,2,75156.73,4,0,1,142469.16,0
102173,693,Spain,Male,71,2,166814.91,4,0,0,162631.01,1
102174,643,Spain,Female,57,6,161271.13,4,1,0,90322.27,1
102175,592,Spain,Female,73,2,144455.38,3,1,1,28328.0,0
102176,381,France,Female,60,4,28440.43,1,0,1,42087.6,1
102177,740,Spain,Female,63,7,119241.97,4,1,0,196704.42,1
102178,626,Germany,Male,41,3,89056.72,3,1,0,103705.02,0
102179,881,Spain,Male,27,6,122759.62,3,1,1,12283.91,0
102180,503,Spain,Male,64,6,230466.61,3,1,0,191519.78,1
102181,732,France,Female,56,1,120132.84,3,0,0,104578.18,1
102182,417,France,Male,56,7,3495.2,4,1,0,168891.0,1
102183,563,Germany,Male,27,9,109709.18,1,0,0,114207.05,1
102184,725,Spain,Male,53,9,205162.05,1,0,0,29323.43,1
102185,562,Spain,Female,42,8,195015.23,3,0,0,126958.22,1
102186,428,Spain,Male,77,5,128347.52,1,0,0,199506.05,1
102187,730,Germany,Female,67,4,62442.25,4,0,1,16600.18,0
102188,407,France,Male,76,0,116272.17,1,0,0,169940.9,1
102189,375,Germany,Female,74,0,140925.55,1,0,1,54741.35,0
102190,796,Spain,Male,27,8,249967.86,2,0,0,84834.58,1
102191,415,France,Male,36,3,161044.52,1,0,1,80814.81,0
102192,603,France,Male,63,0,173566.23,1,0,0,180771.47,1
102193,393,Germany,Female,62,10,122863.54,3,1,1,105852.38,0
102194,446,France,Male,32,9,88622.39,3,1,1,94963.11,0
102195,576,France,Male,33,2,203238.25,2,1,1,165424.77,0
102196,785,Spain,Female,19,5,123733.08,4,0,1,19292.36,0
102197,728,Spain,Female,46,10,248672.53,2,0,0,26426.7,1
102198,527,France,Female,21,10,114280.14,1,0,0,14120.88,1
102199,776,France,Female,70,7,17000.07,1,0,0,140716.75,1
102200,656,Germany,Male,67,9,170644.53,4,0,0,109867.07,1
102201,853,Germany,Male,46,1,11660.36,4,1,1,176444.2,0
102202,617,France,Female,48,7,62625.4,3,1,0,104721.25,0
102203,357,Spain,Male,34,0,88434.56,1,0,0,52145.72,0
102204,857,France,Female,27,10,184870.9,1,0,0,162978.0,1
102205,825,France,Male,44,1,123558.98,1,1,0,65921.53,1
102206,646,Spain,Female,70,7,7161.48,1,1,1,187781.06,0
102207,513,Spain,Male,58,6,154212.46,1,1,0,57580.54,1
102208,834,Germany,Female,32,4,102859.06,1,0,0,41866.92,1
102209,421,Germany,Female,77,9,230458.63,1,0,1,103731.56,1
102210,587,Germany,Male,61,1,124890.58,1,0,1,19597.87,0
102211,453,Germany,Male,48,8,177243.79,3,0,0,16918.23,1
102212,559,Spain,Male,38,4,54717.12,2,1,1,104242.76,0
102213,817,France,Female,77,7,190243.39,1,1,0,50870.31,1
102214,803,Germany,Male,76,3,180238.83,3,0,0,11777.0,1
102215,617,Germany,Female,75,8,226020.43,1,1,0,66250.81,1
102216,735,Spain,Male,58,9,8455.41,4,0,0,100699.8,1
102217,736,Spain,Male,63,6,111875.17,1,1,1,84914.85,0
102218,608,France,Female,62,1,169788.85,2,0,1,35739.2,0
102219,632,France,Female,77,2,23790.98,3,1,1,120138.22,0
102220,389,Spain,Male,43,1,102651.02,4,1,1,144963.27,0
102221,835,Germany,Female,55,4,235536.65,4,1,0,138352.44,1
102222,569,Germany,Female,68,1,108983.62,1,0,1,84814.77,1
102223,478,Germany,Male,53,4,246351.2,2,1,1,36143.27,1
102224,869,France,Female,69,8,14209.77,2,0,0,104902.49,1
102225,609,Germany,Male,34,1,179457.44,1,0,0,179182.03,1
102226,715,Germany,Male,68,8,145254.06,1,1,1,99057.34,0
102227,893,Spain,Female,20,6,125134.92,3,0,0,47179.4,0
102228,873,Germany,Male,78,6,242711.85,3,0,0,27680.13,1
102229,365,Spain,Female,31,4,32412.6,1,0,0,189346.06,1
102230,478,Germany,Male,66,7,223999.74,1,0,1,151171.79,1
102231,458,France,Female,30,6,172810.1,4,1,1,69463.72,0
102232,882,Germany,Female,58,5,64749.02,2,0,1,66116.96,0
102233,618,Germany,Female,44,1,225417.29,3,1,0,180091.51,1
102234,511,Spain,Female,18,5,107323.73,1,0,1,43737.96,0
102235,609,Spain,Female,74,1,203556.83,1,0,0,111657.09,1
102236,451,Spain,Male,34,0,97209.13,3,0,1,145565.81,0
102237,855,Germany,Male,65,8,212732.71,4,0,0,85314.17,1
102238,596,Germany,Female,67,4,159157.28,4,0,0,17581.45,1
102239,886,France,Male,51,9,35261.66,1,0,1,53274.17,0
102240,480,Germany,Female,31,9,162415.79,2,0,1,181343.55,0
102241,702,France,Female,71,3,47836.19,2,0,1,109392.6,0
102242,545,Spain,Male,72,10,102980.66,1,0,1,164933.84,0
102243,731,Spain,Male,76,7,42573.9,3,1,0,115580.25,1
102244,576,Spain,Female,34,4,5504.03,2,1,1,189284.4,0
102245,825,France,Female,20,6,52971.63,3,0,0,182735.47,0
102246,826,Germany,Female,51,2,134093.01,3,0,0,101748.73,1
102247,614,Spain,Female,57,7,120390.24,3,0,1,70472.06,0
102248,721,Germany,Female,42,7,125374.27,4,1,0,124317.07,0
102249,835,Germany,Female,78,2,61921.72,2,1,1,138228.66,0
102250,783,Spain,Male,19,8,171290.3,4,1,1,104687.47,0
102251,560,France,Female,51,7,176065.82,2,0,1,166233.81,1
102252,726,Germany,Female,43,0,89491.96,1,0,0,44832.42,1
102253,744,Spain,Male,48,7,220292.52,3,1,1,73538.25,0
102254,799,Germany,Female,26,10,161005.8,2,0,1,140411.51,0
102255,713,Germany,Female,47,3,178259.82,2,0,0,56869.93,1
102256,806,Germany,Male,37,5,69334.98,1,1,1,93570.5,0
102257,575,Germany,Female,38,9,152.91,4,0,1,193109.37,0
102258,480,Germany,Male,46,8,216343.9,2,1,0,128916.43,1
102259,825,France,Female,76,4,205606.1,2,1,1,190320.87,1
102260,626,France,Male,42,6,30797.97,4,0,0,147263.87,0
102261,505,Spain,Male,55,0,93526.28,4,1,0,147686.69,1
102262,567,France,Male,75,8,165334.83,2,0,0,122452.86,1
102263,539,France,Female,61,5,163027.71,4,1,0,37019.63,1
102264,766,France,Female,42,10,215087.58,1,0,0,108745.72,1
102265,895,Germany,Male,26,3,35067.04,1,0,0,58006.58,1
102266,390,Germany,Male,56,5,107484.94,3,0,0,199747.79,1
102267,656,Spain,Female,79,4,24306.1,2,0,0,60722.77,1
102268,687,Spain,Female,61,2,97398.81,1,1,0,53830.31,1
102269,663,Spain,Female,43,6,3776.86,1,1,1,128537.8,0
102270,424,Germany,Female,74,2,224568.27,1,0,1,107080.27,1
102271,628,France,Female,54,1,131761.0,3,0,1,14057.05,0
102272,525,France,Male,33,3,212450.57,4,0,0,34611.3,1
102273,622,Germany,Female,54,6,14976.18,3,1,0,164098.16,1
102274,638,Spain,Male,29,4,56864.53,3,1,0,101901.47,0
102275,621,Spain,Female,41,8,64845.0,3,0,1,37742.89,0
102276,415,Spain,Male,43,9,96672.87,3,1,1,98396.09,0
102277,832,Germany,Male,37,6,200716.59,2,0,1,58098.33,0
102278,597,Spain,Female,26,8,96639.47,2,1,0,52482.38,0
102279,505,Spain,Male,40,8,51163.38,1,0,0,191967.8,0
102280,396,Germany,Male,56,1,16247.57,3,0,1,78784.66,0
102281,803,France,Male,46,0,19872.94,3,0,1,18821.91,0
102282,550,Germany,Male,48,10,190011.8,1,1,0,194362.07,1
102283,473,Germany,Female,36,3,111200.75,4,0,1,161019.52,0
102284,350,Germany,Male,37,3,181545.28,2,1,1,58338.53,0
102285,540,Germany,Female,40,1,170571.78,3,1,0,87689.45,1
102286,865,France,Male,60,2,33840.62,4,0,1,173835.02,0
102287,791,Spain,Female,44,2,35721.98,4,0,0,77908.57,0
102288,492,Germany,Female,47,4,188835.5,3,0,0,117806.77,1
102289,540,France,Female,38,0,180317.07,3,1,0,111622.81,1
102290,882,Spain,Male,61,8,94507.69,4,1,1,86245.96,0
102291,576,Spain,Female,52,7,19355.57,2,1,0,131505.36,1
102292,662,Spain,Female,66,7,3024.51,2,1,0,99925.24,1
102293,651,Germany,Male,24,2,72039.24,3,1,0,14033.79,0
102294,809,Germany,Female,39,1,2305.57,3,1,1,164732.79,0
102295,750,Spain,Male,27,0,57518.16,1,1,1,31499.6,0
102296,742,Spain,Male,40,5,104875.19,1,0,1,98177.09,0
102297,556,Spain,Female,32,9,30353.94,2,0,0,120181.15,0
102298,559,Spain,Male,47,0,26069.44,1,0,1,144046.15,0
102299,464,Spain,Male,51,10,224109.36,4,1,1,88051.34,0
102300,600,Spain,Male,30,4,146367.51,4,0,1,149754.21,0
102301,568,France,Female,77,8,233613.92,4,1,1,34956.52,1
102302,756,Spain,Male,21,10,86456.54,4,1,0,134154.65,0
102303,792,Germany,Male,35,8,169286.23,3,1,0,167004.4,1
102304,703,Germany,Male,73,3,51172.92,4,1,0,178994.35,1
102305,899,Germany,Female,40,6,154585.08,2,0,0,120117.63,1
102306,491,Spain,Male,50,10,32396.43,1,1,0,69450.09,1
102307,850,Germany,Female,51,6,520.16,2,0,0,41037.74,1
102308,896,France,Male,51,3,232882.95,3,1,1,75656.16,1
102309,891,Spain,Female,53,4,138723.59,1,0,1,112595.13,0
102310,856,Germany,Female,52,10,231735.17,1,1,1,47302.74,1
102311,630,France,Female,34,8,83457.88,1,1,1,190977.83,0
102312,773,France,Male,45,6,81946.52,4,0,0,180455.73,0
102313,619,Germany,Male,31,6,100163.75,3,0,0,16261.87,0
102314,503,France,Male,51,9,176510.25,2,0,1,116772.74,1
102315,432,Germany,Female,65,6,141452.16,4,1,1,159968.67,0
102316,775,France,Male,28,8,231338.73,1,1,0,56624.47,1
102317,624,Spain,Male,74,4,6360.23,2,1,1,109540.28,0
102318,633,Spain,Female,30,5,177048.98,2,0,1,87138.46,0
102319,522,Spain,Male,50,2,82581.92,2,0,1,47343.79,0
102320,676,Spain,Male,74,0,45058.41,3,0,0,126800.1,1
102321,412,Spain,Female,72,10,127598.91,4,1,0,198801.51,1
102322,422,Germany,Female,19,1,126265.95,3,1,0,79404.58,0
102323,724,Spain,Male,51,7,34252.76,1,0,1,114952.01,1
102324,857,Spain,Female,70,0,50474.01,1,1,0,72292.39,1
102325,747,Spain,Male,46,9,102041.17,2,1,1,176620.24,0
102326,469,Spain,Male,54,6,102202.85,2,1,1,174274.51,0
102327,786,France,Male,21,4,79389.53,2,0,0,43966.94,0
102328,814,Spain,Male,29,5,37136.29,3,0,0,180990.29,0
102329,635,Spain,Male,43,7,1093.42,4,0,0,38786.66,0
102330,614,Germany,Female,75,3,242558.77,3,1,0,28133.59,1
102331,669,France,Female,78,5,235874.81,1,0,0,134057.58,1
102332,725,Germany,Male,45,10,120912.59,2,0,0,83321.78,0
102333,438,Spain,Female,20,2,248762.94,2,1,0,110840.71,1
102334,552,Germany,Female,37,6,168413.58,3,1,1,133988.45,0
102335,683,Germany,Male,27,1,17214.38,1,1,0,20039.08,1
102336,571,Spain,Female,69,7,29429.55,4,1,1,65661.1,0
102337,390,France,Female,35,6,229027.71,2,0,0,97572.2,1
102338,417,France,Male,70,7,157513.05,2,1,1,60651.61,1
102339,863,Germany,Male,70,1,210795.91,1,1,1,19304.56,1
102340,476,Spain,Male,70,2,224567.41,2,1,0,26468.55,1
102341,604,Germany,Male,44,3,111985.5,4,1,0,162332.1,0
102342,365,Germany,Male,48,8,12131.49,3,1,0,183163.48,0
102343,826,Germany,Male,44,4,47070.09,1,1,1,38924.33,0
102344,411,Spain,Male,59,5,16642.99,2,0,0,57359.77,1
102345,781,Spain,Female,18,0,47184.96,2,0,0,133927.39,0
102346,617,France,Male,23,3,102633.23,4,0,1,191311.64,0
102347,384,Spain,Female,28,3,29549.2,3,0,1,66922.04,0
102348,843,Germany,Female,51,9,41683.31,4,1,1,172490.59,0
102349,818,Germany,Male,56,7,111455.45,3,1,1,106144.68,0
102350,674,France,Female,37,7,85042.74,4,1,1,191746.14,0
102351,653,Spain,Female,70,9,116914.53,3,0,1,35889.15,0
102352,625,Germany,Female,38,5,107293.01,2,1,1,194997.76,0
102353,550,France,Male,38,7,161119.51,2,1,1,93785.94,0
102354,794,France,Female,35,8,234297.39,2,1,0,191058.29,1
102355,673,Germany,Female,38,4,26966.08,1,1,0,97151.14,1
102356,384,Germany,Male,36,0,24815.04,3,0,1,110715.61,0
102357,831,Spain,Female,21,0,213201.53,1,1,1,162907.25,1
102358,829,France,Female,30,1,126599.18,3,1,1,147299.42,0
102359,414,Germany,Female,35,1,191601.26,2,1,1,127724.63,0
102360,357,France,Female,69,4,53855.48,1,0,1,89226.2,1
102361,650,Spain,Female,46,6,207215.64,1,1,0,160563.29,1
102362,692,Germany,Male,42,6,230961.66,4,1,1,190163.38,0
102363,780,Spain,Female,73,3,158870.75,3,1,1,11864.07,0
102364,773,France,Male,30,3,26469.76,4,1,0,121690.57,0
102365,681,Spain,Female,79,10,223823.7,1,1,1,174536.38,1
102366,787,Spain,Male,44,9,198121.93,1,1,1,134091.38,1
102367,523,France,Male,77,2,187719.44,2,1,0,162157.56,1
102368,876,Spain,Male,36,10,9182.05,4,0,1,180061.61,0
102369,375,France,Female,66,1,199740.63,4,0,1,152680.69,1
102370,755,Germany,Female,18,2,34487.75,4,1,1,146233.31,0
102371,581,France,Female,55,7,55596.54,3,1,0,193301.72,1
102372,882,France,Female,36,0,144283.71,1,0,1,174100.08,0
102373,899,Germany,Female,69,3,66245.19,4,0,1,164921.8,0
102374,854,France,Male,18,6,165337.05,2,0,0,26416.64,1
102375,528,Germany,Male,57,4,152017.61,1,0,0,55415.68,1
102376,481,Germany,Male,34,1,27037.4,2,1,1,115783.64,0
102377,804,France,Female,38,0,164003.64,1,1,1,144816.42,0
102378,697,Spain,Female,39,5,230988.73,2,1,1,67610.83,0
102379,889,Spain,Male,32,4,40277.48,4,1,1,27732.34,0
102380,755,Germany,Female,67,2,149265.51,4,1,1,69108.85,0
102381,425,Spain,Female,56,10,85466.34,2,0,1,156495.54,0
102382,841,Spain,Male,65,10,114902.92,3,0,1,176706.2,0
102383,543,France,Male,56,10,71750.04,2,0,0,183451.69,1
102384,511,Germany,Female,49,8,88532.66,1,0,0,81984.67,1
102385,696,Germany,Female,66,2,7227.96,2,0,1,80782.33,0
102386,710,France,Male,21,1,245387.93,2,1,0,87274.42,1
102387,436,Spain,Female,61,4,156199.98,1,0,1,81403.8,1
102388,611,Germany,Male,62,8,125176.4,4,0,1,136577.36,0
102389,563,Spain,Male,49,7,95928.84,1,1,1,78081.42,0
102390,611,Germany,Male,21,5,134843.64,2,1,1,13865.35,0
102391,632,Germany,Female,70,2,95026.5,1,1,0,93414.67,1
102392,816,Germany,Male,18,5,89976.98,2,1,1,52588.89,0
102393,729,Germany,Male,50,4,115986.64,4,1,1,15473.36,0
102394,711,Spain,Female,24,0,68995.76,2,0,1,99460.16,0
102395,798,Spain,Male,26,4,45012.47,2,1,1,49131.37,0
102396,790,Spain,Female,18,6,139151.47,4,1,0,96020.94,0
102397,442,Spain,Female,33,8,210691.36,1,0,1,62772.5,0
102398,773,France,Female,35,0,38207.04,3,0,0,124704.69,0
102399,491,Germany,Male,71,2,8183.59,3,1,0,198266.7,1
102400,640,Germany,Male,64,7,61702.94,2,1,1,113974.06,0
102401,781,Germany,Female,23,5,244930.16,2,0,1,132910.22,0
102402,398,France,Female,19,4,207189.52,4,1,1,184662.39,0
102403,651,Spain,Female,26,9,148966.51,1,1,0,81060.08,0
102404,539,Germany,Male,21,1,232312.23,3,1,0,41644.21,1
102405,485,Spain,Female,62,2,111319.78,3,1,1,63731.48,0
102406,753,Spain,Female,40,1,245820.15,4,1,1,86531.04,0
102407,690,France,Female,71,0,74075.51,4,0,0,132553.36,1
102408,667,France,Male,60,6,60076.44,3,0,1,10871.73,0
102409,712,Spain,Female,62,2,159512.05,1,1,0,172142.81,1
102410,731,Germany,Male,60,6,94538.49,1,1,0,24457.85,1
102411,582,Germany,Male,68,6,156591.39,1,0,0,181124.48,1
102412,693,France,Female,25,7,76248.88,2,0,0,190392.56,0
102413,898,France,Female,56,0,154479.56,1,0,1,198119.53,1
102414,878,France,Female,42,4,68936.57,2,1,1,163806.94,0
102415,532,France,Male,33,9,12743.02,2,0,0,36952.55,0
102416,390,France,Male,52,8,228033.98,4,1,1,144171.74,1
102417,746,France,Male,34,10,220801.3,2,1,0,48631.05,1
102418,843,France,Female,35,6,242699.54,2,1,1,180454.29,0
102419,682,Germany,Male,77,0,179131.79,4,1,0,70155.13,1
102420,476,France,Female,44,7,170680.29,1,1,1,72091.24,0
102421,350,France,Female,32,2,139750.77,1,0,1,184354.13,0
102422,517,Germany,Female,77,3,31485.6,3,0,0,12513.9,1
102423,368,Germany,Male,34,3,47308.83,3,0,1,46853.57,0
102424,681,Spain,Male,60,9,72367.42,2,0,0,90167.13,1
102425,805,France,Male,22,7,222539.09,3,1,1,143137.1,0
102426,458,France,Female,33,0,43242.38,4,0,0,133037.57,0
102427,617,France,Male,32,7,230718.29,3,0,1,137188.26,0
102428,794,France,Male,59,8,130696.43,3,0,1,177204.19,0
102429,589,Spain,Female,63,8,178892.41,2,0,0,32995.78,1
102430,650,Germany,Female,51,4,27561.12,4,0,0,109210.72,1
102431,452,Germany,Male,65,3,67258.39,3,0,1,147840.76,0
102432,599,France,Female,36,3,239629.65,1,1,1,130862.5,0
102433,802,France,Male,25,8,66537.49,4,1,0,95179.68,0
102434,869,France,Female,64,7,74130.43,4,0,0,13251.77,1
102435,502,Spain,Female,27,9,49399.35,2,1,0,21485.93,0
102436,523,Spain,Male,79,9,32268.42,4,1,0,32598.85,1
102437,692,Germany,Female,22,6,58314.41,4,1,1,75213.27,0
102438,780,France,Female,69,2,160581.72,4,1,1,32354.16,0
102439,673,France,Female,65,3,113841.93,4,1,1,90955.64,0
102440,769,France,Male,70,8,138438.96,4,0,1,43941.98,0
102441,834,France,Female,43,7,30591.21,4,1,1,158041.58,0
102442,761,Spain,Female,39,0,200529.11,4,1,1,175582.65,0
102443,433,Germany,Male,61,2,196023.68,1,0,0,84033.03,1
102444,462,Germany,Male,40,9,5397.48,4,1,1,107153.04,0
102445,681,Spain,Female,79,1,95878.77,2,1,0,191164.29,1
102446,727,France,Female,30,1,17192.65,1,0,0,111746.47,1
102447,390,Germany,Female,26,7,198026.44,4,1,0,199063.91,1
102448,454,Germany,Male,66,5,184317.42,3,0,0,37004.89,1
102449,551,Spain,Female,37,5,225497.02,2,1,1,173823.02,0
102450,799,France,Male,45,3,59100.99,1,1,0,104468.57,0
102451,615,Germany,Male,61,0,114073.97,2,0,0,14315.68,1
102452,559,France,Female,74,10,46121.97,1,1,1,194722.36,1
102453,467,Germany,Female,54,6,92808.73,3,0,0,193359.1,1
102454,726,Spain,Male,41,7,130560.81,2,1,0,82821.46,0
102455,889,France,Female,61,1,13332.7,2,1,1,191286.99,0
102456,433,Spain,Female,50,1,178717.6,1,1,0,36791.83,1
102457,803,Germany,Male,37,0,135823.34,1,1,1,139220.93,0
102458,863,Spain,Female,77,3,207239.75,3,0,1,46466.51,1
102459,736,Spain,Male,65,5,67945.13,4,1,1,56862.97,0
102460,699,Spain,Female,47,4,225830.28,1,1,1,158074.11,0
102461,645,Germany,Male,61,3,249673.56,1,0,1,81698.04,1
102462,607,France,Male,26,3,229824.61,1,0,0,11354.23,1
102463,430,Spain,Female,62,9,194473.12,3,0,1,88705.3,0
102464,617,France,Male,66,6,203092.2,4,1,1,53333.17,1
102465,768,Germany,Male,34,6,143436.06,4,0,1,139832.68,0
102466,584,France,Female,53,1,47538.47,3,0,1,46945.25,0
102467,660,Spain,Female,31,6,169260.17,4,0,1,170028.17,0
102468,706,Spain,Female,36,1,178188.25,2,0,0,60747.67,1
102469,562,Spain,Male,24,3,246346.29,3,1,0,84675.37,1
102470,398,Spain,Male,76,0,135325.33,1,1,1,66627.0,1
102471,476,Spain,Male,20,4,67842.25,4,1,0,132345.44,0
102472,572,Spain,Female,50,0,170918.13,2,0,1,29221.07,0
102473,628,Germany,Male,61,3,244843.95,3,0,1,100838.88,0
102474,757,Germany,Male,49,8,44303.48,3,0,1,73546.41,0
102475,854,Germany,Female,64,7,81499.48,1,1,0,177986.21,1
102476,643,France,Male,28,5,135470.24,1,0,1,23948.3,0
102477,626,France,Female,59,7,42553.66,3,0,1,167642.06,0
102478,787,Germany,Female,19,4,5555.16,2,1,0,41859.29,0
102479,456,France,Female,43,6,84245.78,1,1,1,26829.76,0
102480,769,France,Male,78,7,216342.7,3,1,0,48441.34,1
102481,778,Spain,Male,21,6,10867.1,3,1,0,29504.07,0
102482,724,Spain,Male,34,3,107232.26,1,1,1,108986.95,0
102483,422,France,Female,34,4,190550.19,4,0,0,197760.84,1
102484,379,France,Female,45,9,238295.65,2,0,1,16522.2,0
102485,537,Germany,Female,47,5,246368.85,4,0,0,97614.39,1
102486,713,France,Male,57,10,105492.35,4,1,0,83353.36,1
102487,800,Spain,Male,40,5,237596.07,2,1,0,74525.22,1
102488,544,France,Male,63,8,8854.74,2,1,1,73054.09,0
102489,505,Germany,Male,41,9,186479.23,1,1,0,180052.42,1
102490,521,Spain,Male,46,1,160686.51,1,0,1,13605.47,0
102491,390,Spain,Female,21,5,62380.46,1,0,1,157234.11,0
102492,412,Spain,Male,55,2,126829.63,2,0,1,58057.3,0
102493,372,Spain,Female,46,1,32388.43,4,0,0,82826.15,0
102494,709,France,Female,36,5,217899.29,2,0,0,89828.48,1
102495,424,Germany,Male,44,3,89474.52,1,0,1,67899.03,0
102496,467,France,Female,46,4,156511.12,4,0,1,27776.18,0
102497,729,France,Male,73,4,39694.07,1,0,1,31722.86,0
102498,639,Spain,Male,53,2,51541.21,4,1,1,66644.91,0
102499,789,Germany,Female,52,3,247989.09,1,0,1,166143.72,1
102500,356,Spain,Male,69,2,188271.6,2,0,1,35579.25,1
102501,545,France,Male,23,6,240492.97,3,1,0,151101.57,1
102502,770,France,Female,76,0,73962.79,3,1,1,64885.25,0
102503,542,Spain,Female,40,5,41140.72,4,0,1,177858.34,0
102504,497,France,Female,56,3,125767.12,2,0,1,91382.41,0
102505,551,France,Female,63,0,123667.07,1,1,1,42627.43,1
102506,793,Spain,Female,61,0,43736.63,4,1,0,197310.45,1
102507,768,France,Female,65,4,183304.89,4,1,0,43560.56,1
102508,776,Germany,Male,69,4,90444.38,1,0,1,117847.77,1
102509,828,Spain,Male,25,9,46591.31,1,1,1,118164.43,0
102510,824,Germany,Male,72,6,82995.85,1,0,1,80834.56,0
102511,475,France,Female,19,3,140914.67,2,1,0,190782.83,0
102512,744,France,Male,30,8,181617.73,3,0,0,170336.17,1
102513,674,Spain,Female,57,3,120472.72,4,1,0,167665.72,1
102514,741,France,Male,74,6,131398.75,4,0,1,195088.87,0
102515,789,Spain,Female,38,4,34736.48,3,1,0,96850.77,0
102516,553,Spain,Male,48,4,228672.73,4,1,1,28465.3,0
102517,835,Spain,Female,69,5,232181.05,2,0,1,155436.63,1
102518,380,Spain,Female,65,7,170856.65,1,0,1,82354.39,1
102519,737,Spain,Female,53,4,4407.85,3,0,1,46165.58,0
102520,783,Germany,Female,78,2,134268.55,2,1,1,101817.0,0
102521,725,Spain,Male,65,5,157304.74,1,1,0,185886.6,1
102522,693,Germany,Male,69,1,248663.56,3,1,0,42557.83,1
102523,792,France,Female,55,7,249016.74,2,1,0,171252.77,1
102524,424,Spain,Female,44,7,214402.81,3,1,1,89458.94,0
102525,504,France,Female,53,2,15957.75,3,0,0,35992.38,1
102526,779,Spain,Male,65,7,238319.1,2,0,1,171192.64,1
102527,712,Germany,Female,40,8,153165.31,4,1,1,194227.86,0
102528,797,Germany,Female,72,4,200221.69,2,1,1,65341.44,0
102529,583,Germany,Male,38,4,101798.21,3,0,0,67671.88,0
102530,611,France,Female,30,5,79917.37,3,1,0,84203.74,0
102531,474,Spain,Female,54,6,115811.04,2,0,0,164684.77,1
102532,594,France,Male,64,2,36718.63,1,0,0,11979.27,1
102533,891,Germany,Female,43,4,89266.53,1,0,1,52551.74,0
102534,834,France,Female,57,0,214404.37,1,0,1,144120.96,1
102535,471,Germany,Male,24,10,9487.62,1,0,1,87071.5,0
102536,474,Germany,Female,63,9,37719.51,2,1,1,72756.17,0
102537,898,Germany,Male,56,4,31279.04,4,0,1,175733.75,0
102538,519,Spain,Female,39,3,100768.89,1,1,0,184293.44,1
102539,473,Spain,Female,56,0,249246.73,3,0,0,190117.38,1
102540,384,Germany,Female,40,6,43339.48,1,1,1,61784.6,0
102541,436,France,Female,75,0,36370.66,4,0,1,183377.4,0
102542,550,France,Female,47,7,228763.93,2,1,1,150023.46,0
102543,718,Spain,Male,35,9,220512.63,4,1,1,39300.8,0
102544,426,Germany,Female,79,1,8060.09,4,0,1,125951.31,0
102545,408,France,Female,59,9,187926.49,4,0,0,15003.62,1
102546,780,Germany,Male,35,4,163866.43,1,0,1,144591.85,1
102547,849,France,Male,63,5,191935.2,1,1,0,149377.83,1
102548,458,Spain,Female,27,8,123625.61,4,0,0,159974.32,0
102549,627,Germany,Male,56,6,247844.8,2,0,1,42779.76,1
102550,417,Germany,Female,47,5,10961.75,1,1,1,129367.49,0
102551,418,France,Male,43,4,58592.9,2,0,0,43982.77,0
102552,514,France,Male,24,5,99136.5,1,0,0,189863.52,1
102553,838,France,Female,24,10,112444.49,2,1,0,138252.03,0
102554,654,Germany,Male,22,3,230341.85,1,0,1,28111.91,1
102555,714,Spain,Female,18,0,140001.09,4,1,0,45536.12,0
102556,728,Spain,Male,63,8,11277.75,3,0,1,136057.42,0
102557,692,France,Male,35,10,101965.74,3,1,0,100567.39,0
102558,703,Spain,Male,30,4,104122.6,2,1,1,149896.56,0
102559,765,France,Female,42,7,241372.73,2,0,1,63349.87,0
102560,458,Spain,Female,57,6,149799.27,4,1,0,135004.33,1
102561,846,Germany,Male,25,7,158912.77,4,0,1,43622.43,0
102562,690,France,Female,27,0,178313.26,2,1,1,113304.95,0
102563,732,Spain,Female,49,8,192509.83,3,1,0,191981.92,1
102564,882,Germany,Female,34,0,158762.77,4,0,1,129362.22,0
102565,649,Spain,Male,55,2,59298.59,2,0,0,19498.79,1
102566,488,Germany,Female,32,7,218511.48,4,0,0,197864.81,1
102567,708,Germany,Male,32,10,183029.95,4,1,0,39804.6,1
102568,848,Spain,Male,74,0,185467.62,1,0,1,146433.13,1
102569,734,Spain,Male,65,0,249139.18,4,1,1,111180.71,0
102570,629,Germany,Male,57,5,200631.63,2,1,0,65928.53,1
102571,832,Germany,Male,68,4,207287.85,4,0,1,43688.99,1
102572,460,Germany,Female,37,10,237851.38,2,1,0,43763.45,1
102573,488,France,Female,32,5,37783.5,1,0,0,173095.94,1
102574,784,Germany,Male,52,2,124431.84,1,1,0,175853.38,1
102575,858,France,Female,23,9,145141.76,3,0,1,98377.65,0
102576,622,Germany,Female,47,9,82318.93,1,1,1,29688.08,0
102577,448,France,Female,74,5,209850.84,1,1,1,177991.37,1
102578,453,Germany,Female,25,1,190604.91,2,0,0,102533.13,1
102579,563,Germany,Female,48,7,180220.77,3,1,0,93364.86,1
102580,514,Germany,Female,65,5,249287.36,1,1,1,87397.83,1
102581,869,Spain,Female,64,3,64845.34,4,1,1,79352.69,0
102582,633,Spain,Male,49,3,183864.31,3,1,0,109941.03,1
102583,866,Germany,Male,62,10,137851.12,1,1,0,124862.83,1
102584,513,France,Male,75,6,78247.3,3,0,0,98622.12,1
102585,413,France,Female,69,2,40146.72,1,0,0,180363.15,1
102586,440,Germany,Female,32,10,223970.96,2,1,1,70355.63,0
102587,466,Spain,Male,35,2,148863.87,3,0,1,119879.25,0
102588,616,France,Female,30,5,206233.46,3,0,0,66991.24,1
102589,489,Spain,Female,41,8,136336.25,1,1,0,153136.5,0
102590,595,France,Male,57,0,54994.27,3,0,1,29403.01,0
102591,744,Germany,Male,31,4,84387.2,1,1,0,45852.81,1
102592,836,Spain,Male,45,0,95384.71,4,0,0,162228.27,0
102593,825,France,Female,28,0,243233.7,3,1,1,44807.54,0
102594,866,Germany,Female,23,2,1408.32,3,1,1,128891.81,0
102595,533,Germany,Female,79,2,246416.51,2,1,1,194346.26,1
102596,369,Germany,Male,73,3,245115.41,2,1,0,109349.22,1
102597,873,Spain,Male,42,2,249037.7,3,0,0,45605.32,1
102598,878,Spain,Female,78,5,119147.04,2,0,1,70931.3,0
102599,496,Germany,Male,18,3,240952.24,3,1,1,166457.03,0
102600,653,Spain,Male,42,7,98899.8,1,0,0,76815.57,1
102601,577,France,Female,19,0,6573.61,3,1,0,147467.16,0
102602,451,Germany,Male,79,7,56086.8,3,1,0,157696.51,1
102603,766,Germany,Male,49,10,236324.06,4,0,1,105224.74,0
102604,565,Spain,Male,30,0,3441.17,2,1,1,158810.54,0
102605,756,Germany,Female,50,10,136498.53,2,1,0,70211.57,0
102606,748,France,Female,49,0,18900.4,4,0,1,108070.33,0
102607,848,Spain,Male,73,6,71599.14,1,1,1,140446.07,1
102608,814,Spain,Female,41,0,22023.21,1,1,1,41933.9,0
102609,431,Germany,Female,44,8,214882.16,1,0,0,61988.17,1
102610,714,Germany,Female,21,7,147767.68,4,0,0,133886.95,0
102611,512,Germany,Male,41,0,225526.62,3,1,1,134518.42,0
102612,397,Spain,Female,40,1,172088.3,1,0,0,103727.5,1
102613,860,Germany,Male,46,1,242757.28,1,0,1,161161.22,1
102614,678,France,Male,51,1,127469.41,4,0,1,101590.43,0
102615,465,Germany,Female,38,5,159677.65,2,0,0,177451.23,1
102616,686,Germany,Male,47,3,144077.2,4,0,1,149821.65,0
102617,496,Spain,Female,43,7,121065.11,2,0,1,69792.02,0
102618,672,Germany,Female,37,0,211489.84,1,1,1,85098.26,1
102619,792,Spain,Male,33,9,161131.28,1,1,1,136860.47,0
102620,362,Germany,Male,20,3,200328.07,3,0,1,179946.0,0
102621,843,France,Female,66,9,196590.98,3,0,1,43954.66,0
102622,636,France,Female,54,10,47761.29,2,0,0,107786.07,1
102623,463,Spain,Female,75,4,162540.88,1,1,1,32569.04,1
102624,829,Spain,Female,57,8,49912.0,1,1,0,63096.48,1
102625,371,Germany,Male,61,4,145830.12,4,1,0,140336.46,1
102626,698,Germany,Male,42,10,169358.67,1,1,0,24769.58,1
102627,669,France,Male,40,2,249308.77,1,0,0,135848.13,1
102628,475,Germany,Female,61,10,7635.49,4,0,0,181154.11,1
102629,626,France,Male,76,3,22810.6,4,0,1,194180.36,0
102630,553,Spain,Male,18,9,19256.67,1,0,1,51160.12,0
102631,543,Germany,Male,50,6,99590.32,3,0,0,152290.61,0
102632,896,Spain,Male,32,0,205397.09,3,1,1,186010.39,0
102633,635,Germany,Female,34,10,211014.08,1,0,0,27360.17,1
102634,406,France,Male,51,5,184244.9,3,1,1,88664.49,1
102635,652,Spain,Male,34,7,224219.56,4,0,0,184687.86,1
102636,512,Spain,Male,69,0,80714.99,3,0,0,48529.62,1
102637,368,Germany,Male,75,7,22038.66,1,1,0,187414.53,1
102638,719,Spain,Female,58,6,14538.26,3,1,1,110166.49,0
102639,613,France,Female,61,0,213033.18,1,0,1,28979.69,1
102640,462,Spain,Male,21,8,182609.07,3,1,0,95476.69,1
102641,837,Spain,Female,30,10,174653.83,1,1,0,71989.63,1
102642,676,Germany,Female,21,2,84919.08,1,1,1,63618.79,0
102643,891,Spain,Female,24,1,94976.3,3,0,1,112880.36,0
102644,414,Germany,Female,63,6,239528.38,3,0,0,101882.61,1
102645,641,Germany,Male,76,10,15951.19,4,0,0,101573.76,1
102646,374,Spain,Female,26,2,193432.93,2,1,0,26746.93,1
102647,898,France,Female,40,0,77408.33,1,1,1,162440.45,0
102648,350,Germany,Male,50,9,9763.65,1,0,0,101473.47,1
102649,898,Spain,Male,50,2,185642.53,1,0,1,165972.11,1
102650,490,Germany,Male,37,5,82727.97,1,1,1,166672.98,0
102651,537,France,Male,21,2,180536.88,3,0,0,70255.71,1
102652,477,France,Female,18,4,176913.6,3,0,1,10825.8,0
102653,550,Germany,Male,71,8,133696.72,2,1,0,183136.68,1
102654,476,France,Female,59,6,194343.28,1,1,0,154531.99,1
102655,606,Spain,Female,51,1,145259.58,2,0,1,30377.87,0
102656,896,Spain,Male,44,0,71659.21,4,1,0,143328.14,0
102657,543,Germany,Male,38,6,183528.83,2,1,1,13804.42,0
102658,453,France,Female,41,3,147284.95,2,0,1,15274.22,0
102659,884,Spain,Female,32,10,3181.82,4,1,0,109906.42,0
102660,614,Spain,Male,52,6,225411.04,4,1,1,28247.11,1
102661,733,Spain,Male,42,5,136410.9,2,0,1,193223.94,0
102662,609,Germany,Male,72,6,217156.82,4,1,0,179827.93,1
102663,763,Germany,Female,26,3,220684.21,2,1,1,133464.29,0
102664,707,Spain,Female,34,2,111241.66,3,0,0,22104.7,0
102665,424,Spain,Male,38,4,126915.0,3,1,0,71718.7,0
102666,704,France,Female,77,2,103938.6,2,0,1,80627.37,0
102667,537,France,Male,30,2,112359.19,4,0,1,101367.17,0
102668,639,France,Female,20,3,223786.79,4,1,0,42091.55,1
102669,394,Germany,Female,21,7,197036.0,3,0,1,119727.21,0
102670,432,Spain,Male,21,1,31631.42,3,0,0,92796.42,0
102671,472,Germany,Male,60,3,152576.95,4,1,1,189986.42,0
102672,707,Spain,Male,45,10,248976.66,4,0,0,187877.09,1
102673,877,France,Female,24,2,148887.68,4,0,0,117440.05,0
102674,415,France,Female,43,6,196467.91,4,1,1,132426.37,0
102675,724,France,Male,28,1,192265.37,2,0,1,36181.33,0
102676,511,France,Female,41,0,87579.38,4,0,1,52431.42,0
102677,729,Spain,Male,60,9,92962.33,3,1,0,181135.93,1
102678,707,France,Female,27,0,181019.11,3,1,0,142841.53,1
102679,537,Spain,Male,54,5,124995.88,1,0,1,45991.74,1
102680,671,Spain,Female,30,2,142642.68,4,0,1,118339.96,0
102681,799,Germany,Female,78,6,178226.45,2,0,0,187604.64,1
102682,823,France,Female,61,7,194393.76,1,1,1,75582.51,1
102683,362,France,Female,59,4,67879.14,1,0,1,45305.87,1
102684,533,Germany,Male,56,4,36698.44,2,1,0,188984.8,1
102685,460,Spain,Female,36,1,72948.66,1,0,1,97640.42,0
102686,857,France,Male,68,7,126884.58,1,0,0,89275.98,1
102687,639,Spain,Male,36,9,85535.33,3,1,0,60837.77,0
102688,644,Germany,Male,29,0,142090.69,1,0,1,179401.21,0
102689,800,Spain,Male,69,9,13366.43,2,1,1,170667.19,0
102690,564,France,Female,39,8,127437.6,4,1,1,86568.18,0
102691,376,Spain,Male,64,0,91996.23,4,0,0,15816.52,1
102692,580,Spain,Female,54,0,133666.69,4,0,0,94863.77,1
102693,670,France,Female,73,0,105633.34,3,1,0,44363.02,1
102694,582,France,Female,47,6,71056.46,3,1,1,37119.47,0
102695,786,Spain,Female,63,3,226026.98,3,1,0,84687.79,1
102696,882,Spain,Male,29,6,46191.25,2,0,0,28824.62,0
102697,752,Germany,Female,46,4,170341.39,4,0,0,191918.26,1
102698,402,France,Male,38,6,231161.18,2,0,1,19032.44,0
102699,662,Spain,Female,28,9,134667.49,2,0,0,86260.23,0
102700,630,France,Female,77,6,219102.12,1,1,1,40913.51,1
102701,380,Germany,Male,54,3,31212.87,4,1,1,140874.15,0
102702,686,Spain,Female,65,1,123447.19,1,1,0,24974.18,1
102703,532,Spain,Female,79,7,114256.32,3,0,0,113893.06,1
102704,372,Spain,Female,75,1,2029.7,3,0,0,156889.28,1
102705,893,France,Female,35,8,110814.34,2,0,1,190511.37,0
102706,795,Germany,Female,61,4,92257.44,2,1,1,142720.24,0
102707,423,France,Male,76,8,167449.68,1,1,1,28903.43,1
102708,359,Spain,Female,44,8,234582.44,1,1,1,26818.9,0
102709,833,Germany,Female,54,7,21447.77,2,1,0,149003.63,1
102710,805,Spain,Male,65,7,81869.1,4,0,0,50912.59,1
102711,509,Spain,Female,29,3,111016.18,2,0,1,94975.47,0
102712,363,France,Male,40,3,113796.34,4,0,1,195558.01,0
102713,527,Spain,Female,51,1,193702.43,1,1,1,165782.29,1
102714,761,Germany,Female,79,3,110848.92,3,1,1,170852.74,0
102715,402,Spain,Male,78,3,6790.33,3,1,1,173546.28,0
102716,757,Spain,Female,55,5,177526.02,1,1,1,127713.61,1
102717,371,France,Female,40,2,221207.42,1,0,1,151347.45,0
102718,379,Germany,Male,70,1,128476.18,3,0,1,78202.57,0
102719,609,France,Male,42,7,145277.13,4,1,0,199704.78,0
102720,554,Spain,Female,79,1,40734.11,1,0,0,63128.21,1
102721,408,France,Male,21,7,55161.49,4,1,1,122101.41,0
102722,820,France,Female,47,6,58792.56,4,1,0,63591.72,0
102723,815,France,Male,47,2,107685.49,3,1,0,31293.5,0
102724,361,France,Female,30,5,232036.31,4,1,0,117841.3,1
102725,639,Spain,Male,59,5,130446.19,3,1,1,77136.25,0
102726,703,Spain,Male,66,9,48024.41,1,0,1,120811.66,1
102727,424,Germany,Male,31,4,66521.93,2,0,1,116148.91,0
102728,790,France,Male,73,7,96003.76,2,0,0,113028.78,1
102729,590,France,Male,64,10,155814.74,2,0,1,33427.21,1
102730,503,Germany,Male,25,4,110008.29,2,0,0,93634.35,0
102731,445,France,Male,72,6,98111.21,2,0,1,164280.75,0
102732,643,Germany,Male,41,5,141182.15,2,1,1,69877.26,0
102733,558,Spain,Male,35,10,60458.75,4,1,0,94327.99,0
102734,692,Germany,Female,52,6,19725.82,4,0,1,103828.0,0
102735,437,France,Male,42,8,6103.58,2,1,0,173918.95,0
102736,739,Germany,Female,34,2,62814.79,1,1,1,134563.96,0
102737,674,Spain,Male,49,9,22898.01,1,1,1,29038.48,0
102738,506,France,Female,73,6,84085.16,4,0,1,174382.49,0
102739,486,Spain,Female,41,9,193233.39,4,0,0,168092.54,1
102740,777,Spain,Male,24,2,179073.58,2,0,1,153192.74,0
102741,801,Germany,Male,30,1,152731.91,1,1,0,98551.02,1
102742,490,Spain,Female,79,6,213125.06,3,0,0,153933.62,1
102743,432,France,Female,44,3,70516.91,2,0,0,100960.99,0
102744,526,Spain,Male,65,0,221263.44,4,0,1,149958.47,1
102745,547,Spain,Male,22,5,99809.79,4,1,1,177220.93,0
102746,770,Germany,Male,53,10,100223.33,4,0,1,179202.9,0
102747,750,Spain,Female,43,5,101337.9,3,0,1,96369.93,0
102748,820,Germany,Male,59,5,24523.59,1,0,1,173275.11,0
102749,567,Germany,Male,62,1,243872.62,4,1,0,29276.9,1
102750,524,France,Male,48,0,34626.69,2,0,0,29345.69,0
102751,372,France,Male,27,2,85221.43,3,0,0,114170.72,0
102752,584,France,Male,63,1,79825.08,1,1,0,133850.48,1
102753,362,France,Female,43,5,18669.86,2,0,0,39068.82,0
102754,450,Germany,Female,39,5,38065.03,2,0,0,99714.21,0
102755,885,Spain,Male,29,4,11214.58,3,0,1,27928.91,0
102756,872,France,Male,49,9,73101.12,3,0,0,124398.9,0
102757,801,France,Female,44,9,216664.23,3,1,0,172467.87,1
102758,780,France,Male,50,4,84860.55,4,1,0,150151.41,0
102759,882,Spain,Female,78,8,30922.96,1,1,0,81875.39,1
102760,642,France,Male,70,4,161423.47,4,0,1,198820.82,0
102761,450,Spain,Female,79,9,249150.23,3,0,0,135957.65,1
102762,851,Germany,Female,69,5,58080.95,3,0,1,164897.2,0
102763,653,Germany,Male,37,10,69892.75,3,0,1,137242.5,0
102764,889,Germany,Female,56,3,242961.76,4,1,0,197989.1,1
102765,704,Spain,Male,58,9,44694.07,2,0,0,166058.36,1
102766,652,France,Female,57,0,127803.52,3,1,1,108690.41,0
102767,845,France,Male,76,3,59913.03,4,0,0,79707.12,1
102768,576,France,Male,30,1,233087.97,3,0,0,139609.42,1
102769,585,France,Male,31,9,245380.25,4,1,0,122142.14,1
102770,804,France,Female,61,2,203674.46,1,0,1,129576.61,1
102771,362,Spain,Male,57,6,78695.95,1,0,0,75172.24,1
102772,559,Germany,Male,70,6,100871.87,4,0,1,91458.4,0
102773,746,France,Male,39,0,60576.42,3,0,1,116038.35,0
102774,449,Germany,Female,35,7,222689.49,4,1,1,169463.85,0
102775,380,Spain,Male,65,6,228639.57,1,0,0,154952.69,1
102776,877,Spain,Female,46,0,104717.67,4,1,1,32544.62,0
102777,678,France,Female,60,7,164133.27,1,1,0,56655.31,1
102778,515,Spain,Female,33,1,41388.29,1,0,1,15064.97,0
102779,808,Germany,Male,63,7,108733.98,2,0,0,11512.51,1
102780,449,France,Male,52,2,157874.78,3,1,0,52631.34,1
102781,522,France,Female,70,9,96350.78,4,1,1,161870.98,0
102782,511,Germany,Male,51,6,89399.88,3,0,1,181902.06,0
102783,612,France,Male,20,5,249.75,3,0,1,84435.99,0
102784,623,France,Female,21,4,201073.37,1,1,0,117007.73,1
102785,352,Germany,Female,71,10,222334.4,1,0,0,144149.99,1
102786,377,France,Male,22,9,242365.88,4,0,0,191057.97,1
102787,675,France,Female,27,10,179817.85,4,1,1,183457.13,0
102788,498,Germany,Male,69,1,137198.08,4,0,0,20866.54,1
102789,889,Spain,Female,46,1,67321.13,1,1,0,57151.51,1
102790,837,Germany,Male,49,0,249824.87,2,0,0,19337.46,1
102791,787,France,Male,48,8,147438.21,4,1,1,127143.06,0
102792,414,Germany,Female,19,10,170288.52,1,1,1,144993.73,0
102793,705,France,Male,29,7,170601.54,2,1,0,68573.85,1
102794,882,France,Male,44,7,211312.95,3,1,1,172231.86,0
102795,601,Germany,Female,22,0,2418.13,1,1,1,96034.42,0
102796,584,France,Male,54,4,55061.74,4,0,1,199692.49,0
102797,576,Spain,Male,44,5,166383.5,4,0,1,10075.94,0
102798,874,France,Male,40,1,223786.43,2,1,1,30803.04,0
102799,662,Germany,Female,50,9,171334.7,2,1,1,67340.72,0
102800,398,Spain,Female,21,4,103372.82,1,1,1,14846.44,0
102801,467,Spain,Female,76,5,90388.87,2,1,1,158644.5,0
102802,403,France,Female,38,8,184487.0,1,1,1,20026.64,0
102803,393,Germany,Female,41,9,185309.42,2,0,0,152306.13,1
102804,402,France,Male,61,0,151764.5,3,1,0,19988.01,1
102805,874,France,Male,48,9,72866.76,4,0,1,58018.18,0
102806,451,Germany,Male,61,2,231288.7,4,1,1,169842.59,1
102807,747,Germany,Female,65,8,137969.99,3,1,1,190708.11,0
102808,487,France,Male,41,0,197623.09,4,0,1,88760.01,0
102809,736,Spain,Female,66,0,53577.07,4,1,0,194288.4,1
102810,460,France,Male,70,0,86010.2,4,1,1,129107.38,0
102811,366,Spain,Female,27,6,218644.88,4,0,0,89008.67,1
102812,531,France,Male,66,4,12526.76,3,0,0,162532.26,1
102813,885,Germany,Male,66,5,128078.83,1,1,0,66112.42,1
102814,890,Spain,Female,67,7,120426.37,4,0,0,60501.29,1
102815,520,Germany,Male,19,1,187807.55,3,1,0,134744.06,1
102816,758,Germany,Male,48,1,70473.44,4,0,0,84192.6,0
102817,727,Germany,Female,42,2,54766.71,3,1,1,35824.43,0
102818,537,Germany,Male,21,2,231533.21,3,0,1,22723.2,0
102819,579,Germany,Male,68,2,142927.41,1,1,0,159690.09,1
102820,468,France,Female,28,3,26172.39,2,0,1,138423.04,0
102821,505,Spain,Female,34,2,48259.04,1,0,0,88241.66,1
102822,814,France,Female,61,1,249706.51,1,1,1,180283.25,1
102823,453,France,Female,19,8,48902.25,4,1,0,88062.78,0
102824,851,France,Female,23,5,152618.88,3,1,0,144956.14,1
102825,524,Germany,Male,26,2,105032.02,2,0,1,182731.9,0
102826,770,France,Female,22,8,221399.77,3,1,0,169735.94,1
102827,483,Spain,Female,37,3,188792.15,4,1,1,107109.91,0
102828,740,France,Male,46,3,149237.85,3,0,0,139320.91,0
102829,850,Germany,Male,38,7,2684.75,4,0,1,88596.5,0
102830,382,Spain,Male,26,6,219948.8,1,1,1,132967.46,1
102831,404,Spain,Male,45,6,111166.87,1,1,1,58934.96,0
102832,868,Spain,Male,78,9,232894.41,4,0,1,92601.0,1
102833,361,Spain,Female,72,6,123884.75,1,0,1,49813.69,1
102834,877,France,Male,25,9,173556.12,3,1,0,17255.14,1
102835,722,Germany,Female,48,10,17323.16,2,0,0,121822.57,0
102836,833,Spain,Male,37,4,186287.91,2,0,1,174241.58,0
102837,577,Spain,Female,44,6,84499.01,3,1,0,14859.87,0
102838,656,Germany,Male,25,3,87839.75,2,1,0,47245.65,0
102839,806,France,Female,71,7,29663.96,3,1,1,97435.16,0
102840,509,Spain,Female,38,8,36714.29,4,0,1,136520.4,0
102841,680,France,Female,78,2,46439.76,2,1,0,42533.55,1
102842,574,France,Female,45,6,82051.54,4,0,1,20772.02,0
102843,853,France,Female,40,9,222992.48,4,0,1,108619.26,0
102844,805,France,Female,23,8,92065.06,3,0,1,165554.85,0
102845,394,Spain,Female,20,0,181090.68,2,0,0,16694.63,1
102846,563,Spain,Female,22,1,20686.88,1,1,1,76380.2,0
102847,408,France,Female,26,6,147774.7,1,0,0,136067.8,0
102848,544,France,Female,24,1,120472.81,1,1,1,34840.98,0
102849,838,Germany,Male,77,6,244489.49,1,0,0,54829.89,1
102850,506,Germany,Female,21,0,211551.94,3,0,1,111743.6,0
102851,575,Germany,Female,56,2,113707.44,4,1,1,191114.02,0
102852,761,Spain,Male,22,4,193785.69,2,1,1,64595.1,0
102853,554,Germany,Female,28,10,48259.69,3,1,0,102630.21,0
102854,428,Spain,Female,78,5,140584.08,1,1,0,85986.86,1
102855,473,Spain,Male,32,8,18654.76,2,1,0,180505.37,0
102856,820,Spain,Male,51,8,87022.26,3,1,0,23659.07,1
102857,567,Spain,Female,30,2,56465.55,4,0,1,117568.04,0
102858,865,Germany,Male,71,7,179727.45,1,1,1,170762.74,1
102859,453,France,Female,65,3,122522.67,2,0,0,197742.34,1
102860,742,France,Female,24,6,187767.62,2,0,0,142757.84,1
102861,783,France,Female,57,5,128823.86,1,1,0,82187.74,1
102862,680,Germany,Male,23,7,21621.11,4,0,0,88246.63,0
102863,492,France,Female,73,5,183841.91,1,0,0,76819.62,1
102864,889,Germany,Female,56,3,208307.32,4,1,0,124686.49,1
102865,627,Germany,Male,67,1,225882.81,2,1,1,150487.1,0
102866,582,Germany,Female,47,6,142997.99,1,0,0,165698.84,0
102867,878,France,Female,39,10,188396.34,4,1,0,89152.69,1
102868,439,France,Female,42,10,188011.08,4,1,0,146174.62,1
102869,841,France,Female,45,3,38937.44,3,0,1,184082.29,0
102870,548,Spain,Female,71,8,41055.17,4,1,0,184956.71,1
102871,711,Germany,Female,37,8,17721.38,1,1,1,143765.51,0
102872,790,Spain,Male,56,6,79978.41,1,1,1,131011.42,1
102873,375,Germany,Female,20,4,118377.15,4,0,0,110989.95,0
102874,374,France,Female,22,2,249474.46,1,0,1,44807.56,0
102875,743,Germany,Male,18,2,107748.34,2,1,0,33489.63,0
102876,856,Germany,Female,32,8,181560.65,2,1,1,102285.09,0
102877,650,Spain,Female,43,8,173349.26,1,1,0,40294.39,1
102878,688,Germany,Male,20,10,51120.49,4,0,0,119629.99,0
102879,616,France,Male,57,3,14626.79,2,0,1,132683.52,0
102880,810,Germany,Male,74,10,136501.69,4,1,0,109866.96,1
102881,805,Germany,Male,58,0,175076.4,1,1,0,16921.08,1
102882,709,Germany,Male,64,9,249562.95,3,0,1,20968.31,0
102883,417,Spain,Male,59,4,89652.76,2,1,1,31534.83,0
102884,761,Germany,Male,51,7,224091.14,1,1,0,39192.7,1
102885,840,Germany,Female,69,9,95483.11,2,0,1,198077.7,0
102886,398,Spain,Female,22,3,172352.93,4,1,0,75454.05,1
102887,451,Spain,Female,48,9,149563.23,3,1,1,65474.94,0
102888,565,Spain,Male,68,9,13244.7,3,0,1,19930.66,0
102889,787,Spain,Female,30,3,19597.11,1,1,1,130710.87,0
102890,508,France,Male,60,8,5191.02,2,0,0,133916.25,1
102891,838,France,Female,18,8,92708.52,3,0,0,43335.25,0
102892,591,Germany,Female,39,6,186450.26,2,0,0,184655.89,1
102893,354,France,Female,79,9,43188.85,4,1,0,162093.77,1
102894,710,Germany,Female,32,7,151463.24,4,1,0,53760.67,1
102895,808,France,Male,43,3,72206.95,1,1,1,102311.45,0
102896,597,Spain,Male,35,7,199248.16,3,1,0,97094.26,1
102897,771,Spain,Female,65,5,199599.04,3,0,1,76218.88,1
102898,364,France,Male,26,2,193853.63,2,0,1,165350.6,0
102899,471,France,Male,18,6,131208.38,4,0,1,30760.25,0
102900,626,Germany,Female,60,2,71141.68,3,1,0,88909.71,1
102901,802,Germany,Male,26,10,202361.01,1,0,1,91325.91,0
102902,739,Germany,Male,40,6,46525.14,1,0,0,99057.86,1
102903,643,Spain,Male,60,4,72439.9,3,1,0,173656.5,1
102904,795,Spain,Male,62,3,45986.93,1,1,0,51451.71,1
102905,559,Spain,Female,75,2,168552.54,3,0,0,29555.4,1
102906,651,Spain,Female,19,7,171559.01,3,1,1,127383.61,0
102907,572,Germany,Male,31,3,163127.5,3,1,0,43028.55,1
102908,352,Spain,Female,55,7,103900.37,3,1,1,24237.1,0
102909,867,Spain,Female,57,9,25042.75,2,0,1,91063.35,0
102910,442,Spain,Female,35,2,227792.4,3,0,0,51732.82,1
102911,869,Spain,Male,33,9,126932.74,1,0,1,78631.16,0
102912,777,France,Male,70,8,101743.05,4,0,1,59345.11,0
102913,842,Germany,Female,46,5,147206.22,2,0,1,27600.93,0
102914,584,Germany,Female,61,4,48197.61,4,0,0,116465.97,1
102915,510,Spain,Male,28,4,33137.19,4,0,1,15133.5,0
102916,680,France,Female,23,2,101381.31,4,0,0,193611.32,0
102917,682,Germany,Male,20,1,56805.17,4,1,0,74852.8,0
102918,399,Germany,Female,31,5,61072.57,4,1,0,142079.93,0
102919,872,Spain,Male,77,10,223127.87,1,0,0,163968.95,1
102920,841,Spain,Male,19,0,132689.79,3,1,1,63029.91,0
102921,621,Germany,Male,49,6,120867.27,1,1,1,152260.35,0
102922,601,Germany,Male,48,4,172369.9,2,0,1,168159.96,0
102923,439,France,Female,28,3,237887.03,1,0,0,55850.27,1
102924,795,Germany,Male,39,8,28049.64,2,0,1,198573.99,0
102925,681,Germany,Female,20,9,208383.64,3,1,0,13930.85,1
102926,488,Spain,Male,67,0,146004.79,4,1,1,51230.09,0
102927,706,Germany,Male,48,10,36541.34,3,0,0,158203.94,0
102928,623,Spain,Female,50,3,74287.33,1,0,0,46884.89,1
102929,368,Germany,Female,79,2,120590.35,1,1,0,142669.37,1
102930,660,Germany,Female,41,5,172794.29,3,0,0,172550.78,1
102931,503,Germany,Male,18,4,60651.75,3,0,1,192250.71,0
102932,739,France,Male,61,6,133719.7,1,1,0,100107.03,1
102933,609,Spain,Female,32,0,171167.91,3,1,1,194510.73,0
102934,474,France,Male,54,4,112185.19,2,0,1,88208.24,0
102935,703,Germany,Female,44,1,215756.49,2,1,1,51444.33,0
102936,622,France,Male,55,1,217364.78,1,1,0,107645.15,1
102937,594,Spain,Male,65,10,117672.8,1,0,0,133466.42,1
102938,799,Germany,Male,44,10,243231.43,3,0,0,97013.03,1
102939,596,France,Female,61,1,18896.27,3,0,1,117724.76,0
102940,869,France,Male,29,8,840.59,4,0,0,89117.75,0
102941,490,Spain,Female,20,9,95167.07,2,0,0,109704.77,0
102942,711,France,Female,47,2,150274.27,1,0,1,190993.18,0
102943,357,Spain,Male,49,3,157300.04,1,0,0,104967.92,1
102944,827,Germany,Female,40,4,119111.43,1,1,1,58104.13,0
102945,701,Germany,Female,19,3,31220.83,1,0,1,154161.86,0
102946,844,France,Male,24,3,42624.38,4,1,1,74141.05,0
102947,776,Germany,Female,51,4,213037.0,2,0,0,165079.36,1
102948,388,Germany,Female,49,9,216977.78,4,0,0,20799.98,1
102949,536,France,Male,70,8,168474.63,2,0,1,73113.82,1
102950,442,Germany,Male,56,8,166054.49,1,0,1,27928.38,1
102951,435,France,Male,49,5,149420.53,2,0,0,26210.39,0
102952,393,Spain,Female,60,10,50731.47,1,0,0,135094.02,1
102953,486,Spain,Female,60,2,107062.68,4,1,1,83213.61,0
102954,770,Spain,Male,31,5,173973.66,2,0,1,175581.0,0
102955,423,France,Female,20,9,134313.07,3,0,1,108116.98,0
102956,897,France,Male,63,3,4645.08,2,0,0,66115.21,1
102957,861,Germany,Male,49,2,238389.2,1,1,1,146968.89,0
102958,505,Germany,Male,60,5,211204.01,3,1,0,128563.19,1
102959,604,Germany,Female,53,10,65136.25,1,0,1,161922.98,1
102960,520,Germany,Female,34,5,154114.73,3,0,0,132281.77,1
102961,519,Germany,Male,65,1,230809.85,3,0,1,41732.55,0
102962,671,France,Male,20,8,24002.75,2,0,0,137358.91,0
102963,805,France,Female,74,7,125757.37,2,0,0,84394.35,1
102964,504,Spain,Male,27,5,114060.76,3,1,0,97997.18,0
102965,698,Spain,Female,70,0,102551.25,3,0,0,185097.27,1
102966,800,Spain,Male,64,1,208897.15,3,1,0,78393.17,1
102967,522,Spain,Male,57,3,95161.54,1,1,0,126272.24,1
102968,359,France,Female,35,6,15915.83,2,0,1,79061.53,0
102969,614,France,Female,20,8,16459.44,1,1,1,27998.22,0
102970,787,France,Female,56,9,10686.15,2,0,1,96169.81,0
102971,596,Germany,Female,79,4,102286.36,4,1,0,123441.69,1
102972,895,Germany,Female,27,9,179601.57,1,0,0,87425.63,1
102973,848,Spain,Male,69,1,50930.62,2,0,1,84226.58,0
102974,478,Germany,Male,26,10,161617.13,3,0,0,165871.92,1
102975,676,France,Female,63,10,171772.12,3,0,0,15640.18,1
102976,753,Spain,Female,72,10,63800.53,2,1,1,66161.23,0
102977,708,Spain,Male,63,0,150139.41,3,1,1,164233.88,1
102978,366,Germany,Male,28,9,171217.09,3,1,1,184900.73,0
102979,623,Spain,Female,77,0,116653.41,4,0,1,88336.92,0
102980,465,Germany,Female,50,4,84179.15,4,0,1,178870.91,0
102981,440,Germany,Male,53,6,154787.89,4,1,1,47796.72,1
102982,431,Spain,Female,43,8,244461.77,1,0,1,52071.14,0
102983,673,Germany,Male,44,8,106710.35,4,0,0,170776.36,0
102984,463,Germany,Male,55,7,97933.77,4,1,0,181618.97,1
102985,407,Germany,Female,39,0,116066.73,4,0,0,52333.1,0
102986,503,Germany,Male,43,4,19054.6,2,1,0,21271.6,0
102987,753,Spain,Male,39,5,138290.82,3,0,1,27161.59,0
102988,615,France,Male,22,5,82174.35,2,0,0,59662.36,0
102989,664,France,Female,52,3,30355.53,4,1,0,154675.32,1
102990,390,Germany,Male,19,0,116564.19,1,1,0,106898.45,0
102991,454,Germany,Female,52,2,846.0,2,1,0,96561.88,1
102992,542,Germany,Male,26,9,100446.31,4,1,1,120986.59,0
102993,750,France,Male,68,3,26433.82,1,1,0,179142.39,1
102994,627,Germany,Male,68,3,6073.18,1,0,1,27181.77,0
102995,703,Spain,Male,66,3,206118.76,1,1,1,141997.58,1
102996,605,Spain,Male,35,4,229062.2,3,0,0,186090.26,1
102997,448,Spain,Female,60,10,51918.66,1,0,1,50536.51,1
102998,631,France,Female,29,8,134824.57,4,1,0,169176.74,0
102999,752,Germany,Male,20,3,69489.54,2,1,1,142624.7,0
103000,458,Germany,Female,35,8,123394.36,2,0,1,12749.02,0
103001,548,Germany,Female,73,8,109157.83,4,1,1,54006.22,0
103002,652,France,Male,55,0,67262.76,3,1,0,125110.5,1
103003,676,France,Female,24,4,175098.39,3,0,0,105456.06,1
103004,503,France,Female,50,8,31622.74,1,0,0,110307.89,1
103005,754,France,Female,23,3,13268.2,4,1,0,54066.78,0
103006,811,Spain,Female,35,4,191918.86,1,0,1,138250.66,0
103007,481,France,Male,62,3,166482.51,1,0,0,60619.49,1
103008,433,France,Female,39,1,124631.53,4,0,1,83992.64,0
103009,748,France,Male,68,9,116947.44,3,0,1,80094.02,0
103010,458,Germany,Male,56,1,124352.84,3,0,1,137684.75,0
103011,570,Germany,Female,68,1,109256.02,2,0,1,27148.02,0
103012,717,Germany,Male,26,0,98223.07,4,0,1,49052.96,0
103013,496,Spain,Female,52,2,124922.65,1,0,1,48094.44,0
103014,461,Spain,Male,40,10,132128.79,4,0,1,30600.69,0
103015,843,France,Female,29,9,172975.58,1,0,1,49443.05,1
103016,854,Germany,Female,69,0,177801.79,2,1,1,125341.45,1
103017,824,Spain,Male,41,3,94407.27,2,1,1,149111.95,0
103018,620,Germany,Female,79,0,103385.13,2,1,1,135457.65,0
103019,770,Spain,Female,67,3,93424.29,2,0,0,100285.75,1
103020,716,Spain,Female,57,2,134133.94,1,0,1,19962.57,1
103021,629,France,Female,26,8,113338.38,3,0,0,192211.33,0
103022,632,France,Male,30,0,222399.12,1,0,0,41934.53,1
103023,389,Spain,Male,57,7,174090.32,2,0,1,137000.06,1
103024,538,France,Male,71,10,224664.1,3,1,1,183449.22,1
103025,513,Spain,Female,59,8,177284.25,4,0,1,142577.65,1
103026,885,Spain,Male,34,6,242748.04,1,1,1,51429.43,1
103027,885,Germany,Female,24,0,158934.19,4,1,0,70001.3,1
103028,353,France,Female,34,3,240887.53,2,1,0,15739.11,1
103029,639,France,Female,72,9,39542.47,4,0,1,126424.07,0
103030,782,France,Male,79,0,13119.42,3,1,0,126468.67,1
103031,820,Germany,Male,67,3,144781.3,3,0,1,147845.11,0
103032,530,Germany,Male,41,2,245873.3,3,0,1,12089.29,0
103033,597,Germany,Male,19,1,104401.31,1,1,1,165389.84,0
103034,628,France,Female,52,0,53010.84,4,1,0,150355.08,1
103035,603,France,Male,78,5,130385.36,4,1,0,36768.46,1
103036,530,France,Male,45,6,162199.66,4,0,0,76049.06,1
103037,858,Germany,Male,36,5,78794.67,2,0,1,131319.73,0
103038,675,Germany,Male,50,8,178692.34,1,1,0,104201.41,1
103039,706,Spain,Female,38,8,243778.63,1,0,1,31867.91,1
103040,740,Germany,Male,70,1,224240.78,4,0,1,26595.62,1
103041,434,Spain,Male,27,1,72896.34,1,0,0,158476.7,1
103042,666,France,Male,70,8,81680.92,4,1,1,39633.75,0
103043,561,Germany,Female,63,0,92885.31,4,1,1,42697.61,0
103044,864,France,Male,62,4,98638.19,4,1,1,167875.39,0
103045,733,France,Male,26,0,25079.87,3,0,1,126306.53,0
103046,691,France,Male,55,6,190490.71,2,1,0,124895.97,1
103047,387,France,Female,23,8,91334.82,1,0,1,101075.7,0
103048,860,Germany,Female,68,5,219954.99,2,0,1,118109.05,0
103049,769,France,Male,70,1,231735.16,3,0,1,124336.24,0
103050,518,Spain,Male,59,5,6107.83,1,0,0,193886.98,1
103051,692,Germany,Female,72,8,247125.77,4,1,1,52364.93,1
103052,655,France,Female,52,2,177505.68,2,1,1,50766.86,1
103053,891,Germany,Female,35,8,130098.06,3,0,0,20871.51,0
103054,886,Spain,Female,70,7,97381.9,1,1,1,135057.77,1
103055,461,France,Female,36,6,129629.53,1,1,0,114318.01,0
103056,760,Spain,Male,22,7,81156.18,2,1,1,31135.45,0
103057,555,France,Male,42,9,155671.95,2,1,0,79262.4,1
103058,534,Spain,Male,28,5,23245.07,1,1,1,43946.01,0
103059,731,France,Male,27,2,155280.65,1,1,0,72981.53,1
103060,845,Germany,Female,34,6,68836.21,3,1,0,190740.19,0
103061,728,France,Female,53,3,4408.71,4,1,1,139830.58,0
103062,396,Germany,Female,43,10,138176.44,4,1,1,11438.13,0
103063,877,France,Female,48,9,144611.94,3,1,0,57976.53,0
103064,853,France,Female,49,4,106642.25,1,1,1,11968.69,0
103065,371,Spain,Male,38,7,18071.56,2,0,1,145825.01,0
103066,562,Spain,Male,35,6,223335.74,2,0,0,99190.14,1
103067,659,Spain,Male,77,6,152857.7,1,1,0,198863.55,1
103068,621,France,Male,35,7,28928.32,3,1,1,149380.82,0
103069,551,France,Male,18,9,127732.64,1,1,1,108403.46,0
103070,381,France,Female,31,2,124313.58,2,1,1,162894.03,0
103071,792,Germany,Female,25,2,15100.47,1,0,1,143912.69,0
103072,511,Germany,Female,19,1,151714.93,1,0,0,56317.47,1
103073,603,France,Female,68,0,202081.6,3,1,0,110749.07,1
103074,870,Spain,Female,32,9,187252.01,4,0,0,115639.76,1
103075,829,Spain,Male,77,5,50742.35,2,1,0,95734.02,1
103076,359,Spain,Male,51,5,215573.13,2,0,1,44046.6,1
103077,854,France,Male,53,9,85635.54,1,1,0,52440.12,1
103078,785,Spain,Female,79,7,236627.09,2,0,0,63399.01,1
103079,460,France,Female,18,5,17936.99,2,0,1,11948.48,0
103080,502,Germany,Female,68,5,121552.17,4,0,1,184219.34,0
103081,451,Spain,Female,38,0,149281.09,2,1,0,140358.24,0
103082,540,Germany,Male,59,6,61912.52,2,0,1,141027.29,0
103083,430,Spain,Female,18,6,192845.05,3,1,0,118742.82,1
103084,838,France,Male,49,9,156723.92,3,0,1,140969.05,0
103085,437,France,Female,37,8,4527.36,3,0,1,196553.88,0
103086,543,France,Male,71,6,152092.15,3,1,0,83180.46,1
103087,453,France,Female,64,7,122869.56,3,1,1,145379.86,0
103088,445,Spain,Female,53,3,49007.3,4,1,0,78310.51,1
103089,772,Germany,Male,56,8,248937.06,2,0,0,172314.87,1
103090,547,France,Male,47,0,224290.55,1,1,0,173025.44,1
103091,350,Spain,Female,24,7,73126.92,4,1,1,181430.62,0
103092,756,Germany,Male,39,2,135267.73,1,1,0,11038.03,1
103093,727,France,Female,74,0,79125.53,3,0,0,66656.37,1
103094,516,Germany,Female,67,1,193873.94,2,1,0,35445.63,1
103095,858,France,Male,62,5,232582.86,3,1,0,96257.38,1
103096,662,Germany,Female,27,4,89707.15,4,0,0,104135.43,0
103097,767,Germany,Female,73,2,201396.06,1,1,0,58621.77,1
103098,826,France,Male,25,8,124601.89,2,0,1,147454.83,0
103099,422,Spain,Female,44,7,99144.64,4,1,0,61256.25,0
103100,490,Germany,Female,27,2,234605.46,4,1,1,172239.36,0
103101,611,France,Female,31,1,127601.17,2,1,1,43755.28,0
103102,689,Germany,Female,63,7,116852.63,2,1,0,79774.71,1
103103,657,Germany,Male,76,4,168108.6,4,0,1,128225.17,1
103104,594,Spain,Male,69,8,65308.55,1,0,1,125013.66,1
103105,864,Germany,Male,71,0,81198.22,1,0,0,24825.53,1
103106,686,Germany,Female,28,9,233011.46,4,0,1,170789.14,0
103107,425,France,Male,23,2,169632.46,4,0,0,123632.34,1
103108,524,France,Male,38,4,206659.29,3,0,1,175273.31,0
103109,458,Spain,Male,79,1,67777.94,3,1,0,174850.76,1
103110,532,Germany,Female,50,2,135947.55,1,1,1,113724.55,0
103111,541,Germany,Male,36,3,242849.07,3,1,0,183048.48,1
103112,414,Germany,Male,56,3,79675.97,1,0,0,171197.48,1
103113,823,Spain,Female,41,10,40119.12,2,1,1,192043.36,0
103114,449,Germany,Female,35,8,127721.5,3,0,0,171594.7,0
103115,893,France,Female,52,0,96955.27,1,0,0,166028.73,1
103116,477,Spain,Female,69,8,39894.31,1,1,1,99178.49,1
103117,801,France,Female,79,8,222137.85,4,1,0,50285.9,1
103118,718,France,Female,60,10,247680.98,1,0,0,183034.66,1
103119,392,Spain,Male,54,5,142145.55,3,0,1,147284.35,0
103120,768,France,Male,36,10,193669.19,4,0,1,63532.09,0
103121,837,Germany,Female,70,0,214759.59,4,1,1,74789.19,1
103122,427,Spain,Female,41,10,175245.5,3,0,1,140354.92,0
103123,619,France,Male,73,5,11039.01,2,0,1,100785.29,0
103124,664,Germany,Female,79,7,39408.56,3,1,1,25481.69,0
103125,517,Germany,Female,51,4,17747.3,3,0,0,36875.11,1
103126,688,France,Male,39,4,2469.9,4,1,1,151673.25,0
103127,542,Germany,Female,21,0,76499.1,3,0,1,72428.21,0
103128,802,Spain,Female,74,0,98088.99,2,1,1,106453.39,0
103129,632,France,Male,27,7,60257.43,2,0,0,155658.08,0
103130,685,Germany,Male,19,4,16151.16,2,1,0,152723.36,0
103131,739,Germany,Male,25,7,132465.77,4,0,0,41732.86,0
103132,874,France,Male,50,9,68329.83,3,0,1,28694.83,0
103133,589,France,Male,76,1,199009.29,1,1,0,122318.94,1
103134,832,France,Female,55,3,2013.16,3,1,0,150910.25,1
103135,807,France,Female,60,10,210631.76,2,0,0,38317.59,1
103136,438,Spain,Female,76,9,238688.42,3,0,0,80671.5,1
103137,444,France,Female,79,8,179033.77,4,0,1,175352.82,1
103138,801,Spain,Female,45,2,183411.02,3,0,1,189402.4,0
103139,777,Spain,Male,27,5,233390.58,4,0,1,96273.25,0
103140,500,France,Female,62,10,52267.82,1,0,1,25108.03,1
103141,863,Spain,Female,18,6,248641.39,1,0,1,58962.33,0
103142,725,France,Female,51,2,193370.3,4,1,1,54264.28,1
103143,371,France,Female,20,0,181642.68,3,0,0,55403.11,1
103144,662,Germany,Female,26,1,90272.64,2,1,1,103837.52,0
103145,868,France,Male,22,10,136444.37,4,0,1,120812.87,0
103146,555,Germany,Female,59,9,163479.45,3,0,1,33276.82,0
103147,724,Spain,Female,27,6,155085.72,3,1,1,178977.64,0
103148,800,Germany,Female,29,6,176246.16,3,0,1,127795.03,0
103149,528,Spain,Female,35,0,20595.43,2,1,0,123477.83,0
103150,559,France,Female,75,9,88912.11,2,0,0,197583.01,1
103151,849,Spain,Female,38,6,108500.0,2,0,0,129347.36,0
103152,813,Spain,Male,38,9,65157.32,4,0,0,186502.24,0
103153,473,France,Female,18,10,43156.82,4,0,0,64388.82,0
103154,462,Spain,Male,20,5,34731.87,2,1,1,55624.6,0
103155,361,France,Male,22,10,91595.85,4,1,0,108138.55,0
103156,475,Germany,Female,42,5,123360.43,2,1,0,106635.7,0
103157,680,France,Female,75,6,15744.11,4,0,1,53031.89,0
103158,632,France,Female,66,6,236614.52,3,1,0,142934.57,1
103159,489,Spain,Male,25,0,191310.83,2,0,0,15630.43,1
103160,750,Germany,Female,34,9,182712.94,4,1,1,141219.79,0
103161,446,France,Female,26,4,43215.13,3,0,1,96863.8,0
103162,866,Germany,Female,49,7,150950.19,3,1,1,140911.43,0
103163,418,Germany,Male,23,7,132431.24,4,1,0,100645.32,0
103164,467,Spain,Male,66,2,245617.21,3,1,0,195693.42,1
103165,408,France,Female,57,2,186917.94,1,1,0,73590.14,1
103166,382,Spain,Male,38,6,143940.47,2,0,1,196688.86,0
103167,667,France,Female,24,3,212703.17,2,1,0,22345.05,1
103168,399,Germany,Male,24,5,38773.57,3,1,0,139914.55,0
103169,838,France,Female,64,8,3804.13,4,1,0,96301.65,1
103170,368,France,Male,56,9,172558.33,1,1,0,166206.15,1
103171,546,Germany,Female,71,1,24577.87,4,0,1,160027.05,0
103172,799,Germany,Female,44,1,28858.41,2,0,1,162039.93,0
103173,801,France,Male,25,5,186170.18,3,0,1,28000.33,0
103174,638,Spain,Male,26,2,67633.71,1,1,1,166249.48,0
103175,490,France,Male,45,0,157157.8,3,1,0,50667.63,1
103176,433,Germany,Male,32,1,229351.73,1,0,1,14879.25,0
103177,740,Spain,Male,19,6,79118.63,3,0,0,51370.36,0
103178,564,Germany,Female,24,3,54286.04,4,0,1,101064.17,0
103179,875,Germany,Female,64,1,26640.72,2,0,1,151001.16,0
103180,564,Spain,Male,35,10,32615.59,3,0,0,51540.17,0
103181,752,Germany,Female,39,7,15555.67,3,1,0,31471.43,0
103182,477,Germany,Female,67,3,21910.59,1,1,1,132733.78,0
103183,826,Germany,Male,27,3,108001.15,4,0,0,196940.63,0
103184,753,Germany,Female,71,1,80216.26,4,1,1,124165.36,0
103185,378,Germany,Female,67,0,176640.2,1,1,0,141300.9,1
103186,687,Germany,Male,50,0,217560.41,4,0,1,116621.81,0
103187,710,Germany,Male,24,2,196193.3,2,0,1,158646.2,0
103188,741,Germany,Female,20,5,132659.31,3,0,1,195402.84,0
103189,567,Germany,Male,31,6,25610.53,1,0,1,113384.55,0
103190,551,France,Female,61,8,177441.82,4,1,0,89190.2,1
103191,366,France,Male,63,4,90707.18,2,1,0,173465.18,1
103192,671,Germany,Male,78,8,21412.6,2,1,1,194248.39,0
103193,867,France,Male,53,7,210616.6,4,1,1,34544.51,0
103194,674,Spain,Male,30,0,84554.13,4,0,1,119852.48,0
103195,761,France,Female,33,10,54562.21,1,1,0,160567.4,1
103196,667,Germany,Male,33,2,217863.02,4,0,1,111334.49,0
103197,431,Germany,Male,71,7,225533.47,1,1,0,87747.42,1
103198,823,France,Female,22,8,84742.71,3,1,0,134493.67,0
103199,817,Germany,Female,69,3,88700.35,2,0,1,61324.34,0
103200,774,Spain,Female,42,5,144907.13,1,0,0,76335.41,0
103201,553,Spain,Female,55,3,183360.37,2,0,1,198532.57,1
103202,736,Germany,Male,55,8,15787.3,3,1,1,130928.41,0
103203,447,Spain,Female,67,1,148335.91,4,0,0,175856.19,1
103204,694,Spain,Male,55,5,238205.02,1,1,0,163476.02,1
103205,557,France,Female,56,10,65523.47,4,1,1,133931.79,0
103206,863,Spain,Male,73,2,227206.8,2,0,0,169738.53,1
103207,515,France,Female,79,9,237542.09,1,1,0,64560.11,1
103208,371,Germany,Male,73,3,67288.41,3,0,0,131052.13,1
103209,503,France,Male,65,1,188550.47,3,0,1,122214.66,1
103210,788,Germany,Female,58,10,59693.75,4,1,1,128259.72,0
103211,644,Germany,Male,43,7,184402.79,3,1,0,42040.07,1
103212,568,Germany,Male,76,9,199354.99,3,1,1,62676.18,1
103213,844,Germany,Male,30,7,61801.43,4,0,1,64465.08,0
103214,579,Germany,Male,61,0,178967.39,4,0,0,124369.77,1
103215,369,France,Female,68,9,203026.13,1,0,0,194783.91,1
103216,497,Germany,Male,43,5,89644.72,1,1,0,191272.83,1
103217,457,Spain,Male,72,0,41925.69,4,0,1,53166.02,0
103218,752,Spain,Female,72,5,22991.14,2,1,1,67920.6,0
103219,832,Germany,Female,18,6,143845.43,2,0,0,16851.76,0
103220,716,Spain,Female,25,1,244524.53,1,0,1,85774.96,0
103221,763,France,Male,21,8,205737.58,1,1,1,168588.08,0
103222,658,France,Male,38,7,108959.91,4,1,1,183992.83,0
103223,483,Germany,Female,79,8,134155.23,2,1,0,54934.33,1
103224,632,Germany,Male,39,9,69881.97,4,0,1,60500.95,0
103225,422,Germany,Female,68,3,40766.47,1,1,1,51961.47,0
103226,830,Spain,Male,70,3,120520.29,3,1,0,76519.68,1
103227,701,Spain,Female,75,7,115875.39,3,1,1,162904.29,0
103228,675,France,Male,54,0,130482.49,3,1,1,132902.92,0
103229,792,Spain,Female,66,7,238201.15,4,0,0,159328.77,1
103230,449,France,Male,20,6,150973.83,2,0,1,120775.91,0
103231,408,Spain,Female,36,6,151442.96,1,1,0,58969.28,1
103232,857,France,Male,18,8,32006.19,2,1,1,53318.89,0
103233,607,Germany,Male,46,9,249122.22,2,0,1,11710.13,0
103234,762,Spain,Male,40,6,193211.24,1,1,0,158386.61,1
103235,801,France,Female,50,1,219300.84,2,1,0,170953.03,1
103236,414,Spain,Male,72,0,103575.1,3,1,0,155973.69,1
103237,503,Germany,Male,69,0,125532.02,1,0,1,24136.39,1
103238,615,France,Male,58,6,130520.95,3,0,1,154822.11,0
103239,428,Spain,Female,40,4,48523.63,4,0,0,18695.82,0
103240,664,Spain,Male,22,3,172372.29,3,1,0,30062.68,1
103241,597,Germany,Female,24,4,225744.18,4,1,0,93690.32,1
103242,763,Germany,Male,74,9,40926.45,4,1,1,100467.93,0
103243,374,France,Female,75,9,21579.57,1,0,1,165062.54,1
103244,633,Spain,Female,23,5,184554.73,3,0,0,139110.11,1
103245,798,Spain,Male,66,9,68300.46,3,1,1,39130.83,0
103246,650,Germany,Female,39,5,155965.64,3,1,1,52967.89,0
103247,417,Germany,Female,66,0,173939.58,1,1,1,64278.29,1
103248,356,France,Male,30,1,80477.69,4,1,0,33497.8,0
103249,486,Spain,Female,29,2,203786.15,4,1,1,64652.53,0
103250,513,Spain,Female,21,3,137497.25,4,0,0,148433.65,0
103251,432,France,Female,79,5,217249.85,1,0,0,55866.28,1
103252,769,France,Female,25,10,190823.39,1,0,0,168718.33,1
103253,422,Germany,Male,54,8,217143.91,2,0,0,99208.23,1
103254,586,Germany,Female,48,1,5040.35,3,1,0,71357.79,0
103255,395,France,Female,54,7,60876.57,4,0,0,88359.44,1
103256,611,France,Male,62,8,22501.99,2,0,1,144804.38,0
103257,525,Spain,Male,43,1,110520.75,2,1,0,108190.61,0
103258,515,France,Female,60,8,222490.03,3,0,1,11382.95,1
103259,719,France,Male,25,6,116885.07,1,1,1,185241.53,0
103260,403,Spain,Male,57,8,212428.26,2,0,1,22539.24,1
103261,768,France,Male,50,5,81794.56,1,1,1,188338.06,0
103262,856,Germany,Male,62,1,84892.52,1,1,0,15349.04,1
103263,690,Germany,Male,46,7,223890.43,3,1,1,156486.07,0
103264,476,Spain,Male,22,9,106454.29,2,0,0,111588.19,0
103265,758,France,Male,45,8,197441.37,4,0,0,106087.97,1
103266,716,Germany,Male,70,7,59160.89,2,1,1,23827.92,0
103267,620,Germany,Male,57,1,237200.21,4,0,0,55361.55,1
103268,728,Germany,Female,34,7,143644.56,4,1,1,157733.99,0
103269,422,Germany,Female,72,2,189830.89,1,1,0,179339.37,1
103270,597,France,Female,40,2,22378.92,4,1,0,110532.55,0
103271,392,France,Female,62,8,123166.06,3,1,0,77135.25,1
103272,726,France,Female,26,8,225259.62,2,1,1,21389.21,0
103273,390,France,Male,19,8,219259.66,1,1,1,139613.92,0
103274,519,Germany,Male,49,3,11703.49,1,1,0,62904.86,1
103275,561,Spain,Female,68,6,75924.62,4,0,0,20452.61,1
103276,842,Spain,Female,69,7,110830.0,1,0,1,136511.83,0
103277,388,Germany,Male,66,4,43066.2,3,0,0,102286.76,1
103278,718,Germany,Female,48,0,182499.58,3,0,1,12272.81,0
103279,500,Spain,Male,24,8,46128.0,1,0,1,31075.57,0
103280,460,Spain,Female,47,5,86659.92,1,0,1,142848.37,0
103281,829,Germany,Male,75,2,165820.16,3,1,1,22097.55,1
103282,785,Germany,Female,20,2,120522.34,4,0,0,174532.98,0
103283,396,France,Male,68,9,184642.76,1,1,1,69151.99,1
103284,715,France,Female,68,0,240301.98,4,0,1,26846.63,1
103285,418,Spain,Female,73,7,29136.67,1,1,1,154353.9,0
103286,648,Germany,Male,26,1,177391.93,3,0,1,109641.17,0
103287,645,Spain,Male,27,0,57586.04,1,0,0,68261.61,1
103288,552,France,Female,78,6,103619.18,1,0,1,87158.68,1
103289,410,France,Female,63,10,8215.68,1,0,0,14068.36,1
103290,663,Spain,Male,67,8,33976.85,3,0,1,135912.72,0
103291,510,France,Male,75,5,79944.32,3,1,1,79497.0,0
103292,680,Germany,Male,64,7,85496.45,3,1,0,145667.14,1
103293,877,Spain,Female,43,7,224896.3,2,0,1,129352.52,0
103294,687,Germany,Female,18,8,185453.23,2,1,0,133738.3,1
103295,653,Germany,Male,47,6,243045.74,2,1,1,160649.62,0
103296,852,France,Female,74,8,149767.88,2,1,0,129920.03,1
103297,687,Germany,Female,55,8,60428.43,3,1,0,89557.93,1
103298,899,Spain,Male,79,10,81913.76,1,0,0,84086.24,1
103299,624,Germany,Female,32,0,79958.98,3,0,0,32720.6,0
103300,513,Germany,Male,42,5,81623.58,2,1,0,158094.25,0
103301,792,Germany,Male,23,7,168241.04,4,0,1,154610.6,0
103302,668,Germany,Female,35,9,132701.98,4,0,0,56796.69,0
103303,853,Germany,Female,18,8,96356.04,3,0,0,173909.56,0
103304,736,France,Male,79,3,37272.44,1,0,1,121910.62,0
103305,843,Spain,Male,73,1,5534.79,2,1,0,100950.5,1
103306,839,France,Male,20,10,54708.67,1,1,1,13324.3,0
103307,422,Spain,Female,34,8,26867.85,1,1,1,82720.83,0
103308,858,Spain,Male,65,8,196361.26,1,0,0,131727.45,1
103309,739,Spain,Male,25,7,28124.49,2,1,0,27052.09,0
103310,644,Spain,Male,77,2,181057.06,3,1,0,97317.79,1
103311,718,Spain,Male,66,4,96414.67,2,1,0,198752.83,1
103312,898,Germany,Female,57,1,18344.6,2,1,0,146142.34,1
103313,536,France,Female,34,2,203182.51,3,0,0,113905.47,1
103314,794,France,Male,42,0,144907.64,3,1,1,111276.25,0
103315,712,Germany,Female,79,3,58940.38,3,0,1,18315.37,0
103316,472,Spain,Female,58,4,223670.29,4,0,1,191889.74,1
103317,537,France,Female,29,1,11314.58,4,1,1,186353.76,0
103318,769,Germany,Male,46,2,50454.9,3,0,0,139656.9,0
103319,601,Germany,Female,42,5,188011.73,1,0,0,28812.21,1
103320,898,France,Female,68,5,177344.48,4,1,1,49488.44,1
103321,684,France,Male,53,6,72317.92,2,1,0,44942.81,1
103322,441,Spain,Male,70,8,15506.22,2,1,0,108719.91,1
103323,879,Spain,Female,71,3,214519.52,4,1,1,49482.74,1
103324,412,France,Female,42,4,78424.41,2,1,1,142202.11,0
103325,861,Spain,Male,46,10,48928.35,3,0,1,113593.68,0
103326,488,Germany,Male,28,1,129015.46,2,1,1,13355.05,0
103327,534,Spain,Male,77,5,227556.8,4,0,0,151370.88,1
103328,554,Spain,Male,21,3,10886.64,1,0,1,45877.46,0
103329,563,Germany,Female,31,4,191451.02,2,1,0,166728.17,1
103330,605,Spain,Male,63,6,143118.31,2,0,1,77458.63,0
103331,484,Germany,Female,55,5,106362.28,1,0,1,74337.74,1
103332,437,Spain,Female,78,7,186020.11,4,1,1,12245.29,0
103333,556,France,Female,34,5,241456.11,1,1,0,197668.51,1
103334,478,Spain,Male,19,9,57301.55,2,0,0,126280.82,0
103335,352,France,Male,25,7,35911.84,4,0,0,90318.73,0
103336,470,France,Female,53,3,228220.44,3,0,0,28358.07,1
103337,734,France,Female,27,6,167238.27,4,0,1,142838.13,0
103338,387,France,Female,24,2,109496.51,4,0,1,63718.79,0
103339,690,France,Female,53,0,143314.89,3,1,1,197773.36,0
103340,370,Germany,Female,33,8,186403.48,4,1,1,190604.0,0
103341,591,Germany,Male,31,8,193257.97,2,1,0,149706.37,1
103342,804,Germany,Male,33,5,229973.55,2,1,1,194503.67,0
103343,652,France,Male,42,1,106710.7,2,0,1,30070.43,0
103344,418,Spain,Female,58,7,73352.73,2,1,1,63183.92,0
103345,478,Germany,Female,21,9,159916.07,3,1,0,58116.22,1
103346,545,Spain,Male,46,5,103931.97,2,0,0,23682.41,0
103347,489,Spain,Male,73,6,148649.61,4,0,0,194723.05,1
103348,793,France,Female,23,0,104996.45,1,0,1,21395.08,0
103349,632,France,Male,18,2,38248.95,3,1,0,172770.89,0
103350,661,France,Male,56,0,117356.69,3,1,0,155950.67,1
103351,884,Germany,Male,18,9,172729.46,1,0,1,81414.75,0
103352,626,France,Female,68,0,199820.95,2,0,0,13573.4,1
103353,410,Germany,Female,57,10,123331.57,2,1,1,11158.22,0
103354,668,Germany,Male,74,0,41309.47,4,0,1,48758.83,0
103355,401,Germany,Female,20,3,103671.93,2,0,0,103836.55,0
103356,502,Germany,Male,18,6,196573.48,2,0,1,97002.9,0
103357,660,France,Male,18,6,103214.82,4,1,1,121205.59,0
103358,893,Germany,Female,56,4,174132.7,2,1,1,156672.27,1
103359,738,France,Female,38,5,126803.42,1,1,1,81697.38,0
103360,897,France,Female,62,1,60305.78,2,0,0,40469.1,1
103361,526,Germany,Male,47,4,199037.63,1,0,1,162009.29,0
103362,711,France,Male,49,6,21053.36,1,1,0,73211.23,0
103363,663,Spain,Male,50,8,131222.57,1,0,1,64507.56,0
103364,446,France,Female,65,5,52222.76,2,0,1,155219.29,0
103365,562,France,Male,39,9,16766.41,2,1,1,187486.49,0
103366,486,Germany,Male,47,3,125733.48,3,0,1,183842.64,0
103367,355,Germany,Male,71,2,124890.54,4,0,1,36114.06,0
103368,458,France,Male,63,8,176725.23,4,0,1,105600.05,1
103369,896,Germany,Female,21,6,186187.67,3,0,1,27645.35,0
103370,388,Spain,Female,40,10,181947.87,1,1,0,192585.43,1
103371,774,Spain,Female,72,5,102389.68,4,0,0,50893.3,1
103372,610,Germany,Male,61,6,157922.45,3,1,0,47511.62,1
103373,775,France,Male,42,7,144236.31,1,1,1,178888.28,0
103374,436,Spain,Male,29,4,105390.44,3,1,0,193891.61,0
103375,814,Spain,Female,34,2,149303.17,2,1,1,142550.13,0
103376,425,France,Female,70,2,236811.97,2,0,0,32990.96,1
103377,820,Germany,Female,32,1,48223.44,1,0,0,102312.57,1
103378,763,Spain,Female,27,7,226443.02,1,1,1,165154.97,0
103379,806,France,Female,52,0,13363.88,2,1,1,118770.66,0
103380,634,France,Male,72,7,77097.3,4,1,1,35193.02,0
103381,588,Spain,Female,69,2,72036.31,4,1,1,42658.67,0
103382,721,Germany,Female,69,8,156591.28,2,0,1,174186.92,0
103383,844,Spain,Female,46,10,32806.24,4,1,0,110135.54,0
103384,394,France,Male,29,1,220586.9,2,1,1,144108.99,0
103385,750,Spain,Female,18,9,207137.85,3,0,1,80881.88,0
103386,596,Germany,Female,18,8,163016.45,3,1,1,111172.26,0
103387,799,France,Female,27,5,114603.46,3,0,0,195649.6,0
103388,834,Germany,Male,35,0,233239.01,4,0,1,72643.58,0
103389,367,Spain,Male,64,4,207686.64,3,0,0,138209.82,1
103390,638,Spain,Female,19,9,124828.79,1,1,0,42776.06,1
103391,763,Germany,Female,66,8,175468.34,1,0,0,33130.58,1
103392,584,Spain,Female,25,5,141732.49,3,0,0,158891.62,0
103393,765,Germany,Female,39,6,146985.56,1,1,1,170380.56,0
103394,848,Spain,Male,39,3,82744.02,3,1,1,136979.22,0
103395,464,Germany,Female,43,0,115521.15,3,1,1,40057.21,0
103396,583,Germany,Male,43,4,19530.36,2,1,1,55711.71,0
103397,889,France,Female,26,1,89337.17,3,0,0,183123.38,0
103398,360,France,Male,38,7,173957.13,1,1,0,64853.77,1
103399,555,Germany,Male,48,3,238304.01,4,0,1,165583.5,0
103400,596,Spain,Female,69,0,240766.03,3,0,1,64328.08,1
103401,476,Spain,Male,60,9,138930.72,2,1,1,188497.89,0
103402,496,Spain,Female,23,6,151655.56,1,1,0,183746.05,1
103403,467,Germany,Male,73,10,46430.3,2,1,0,18220.0,1
103404,731,Germany,Male,31,1,173827.03,3,1,0,156378.66,1
103405,761,Germany,Female,50,2,17664.7,3,0,1,42197.73,0
103406,712,Germany,Female,24,8,71171.42,3,1,0,50901.61,0
103407,858,France,Male,41,8,167090.84,3,0,0,97370.59,1
103408,486,Germany,Male,26,1,77577.53,1,0,0,119500.45,0
103409,524,Spain,Female,28,2,12461.72,4,1,1,71901.95,0
103410,638,France,Female,73,10,207967.6,3,1,0,119322.84,1
103411,830,Spain,Female,40,8,77582.5,2,1,1,42425.09,0
103412,368,Germany,Male,65,0,15776.31,1,0,1,14244.15,0
103413,544,France,Female,68,1,18697.04,1,0,1,118532.63,1
103414,679,Germany,Female,19,10,62939.7,1,0,0,108308.9,1
103415,524,France,Male,32,1,44503.99,2,1,1,141034.25,0
103416,798,Spain,Female,52,9,193575.03,4,1,0,133466.19,1
103417,703,Germany,Female,53,2,80421.01,2,1,0,180522.41,1
103418,848,Germany,Female,69,9,201173.95,2,1,1,97299.04,0
103419,490,France,Female,71,2,43461.5,2,1,1,11590.2,0
103420,442,France,Male,45,9,123219.79,3,1,1,129824.01,0
103421,588,Germany,Female,56,1,172009.28,3,1,0,138275.16,1
103422,554,France,Female,61,7,162997.71,2,0,1,109084.05,1
103423,782,Germany,Female,21,7,150282.35,2,0,0,140967.93,1
103424,594,France,Female,27,7,231205.4,3,0,1,71480.92,0
103425,666,Spain,Female,23,1,57131.29,3,0,0,38273.58,0
103426,644,France,Female,74,8,123429.8,4,1,1,136265.2,0
103427,631,Spain,Male,47,10,220998.14,2,1,1,56585.42,0
103428,366,France,Male,71,6,19473.44,1,1,0,96700.02,1
103429,420,France,Male,63,4,13972.07,4,0,1,103408.32,0
103430,618,Germany,Female,52,6,58325.57,1,1,1,100667.91,0
103431,674,France,Female,66,7,158255.3,4,0,1,123705.34,1
103432,654,France,Female,60,8,64969.91,2,0,1,15596.2,0
103433,800,Spain,Male,27,1,47559.97,1,0,0,198039.67,1
103434,356,France,Female,75,5,114700.58,3,1,0,146098.99,1
103435,663,Germany,Male,78,8,153399.52,4,1,0,90823.68,1
103436,452,Spain,Female,70,5,62139.43,1,0,0,46352.71,1
103437,542,Germany,Female,49,1,75172.8,4,0,0,25233.69,0
103438,878,Germany,Male,59,0,153389.83,2,1,1,137716.18,1
103439,520,Germany,Male,59,2,236434.61,1,0,0,70221.57,1
103440,886,Germany,Male,20,10,168685.43,1,1,1,53600.91,0
103441,600,Spain,Male,73,4,195726.04,1,0,0,82191.33,1
103442,736,France,Male,43,6,91702.52,4,1,1,122655.39,0
103443,556,Germany,Male,32,9,68063.59,3,0,0,137623.99,0
103444,890,Spain,Female,34,9,113566.94,3,1,1,132582.31,0
103445,765,Germany,Male,44,2,201783.21,3,0,0,174020.46,1
103446,729,France,Female,35,8,114074.91,2,1,1,51563.91,0
103447,493,Spain,Female,68,9,211681.35,1,0,1,130981.77,1
103448,374,Spain,Female,36,3,247193.0,3,1,1,29211.73,0
103449,422,France,Female,29,9,18006.67,3,0,1,114107.59,0
103450,442,Spain,Female,41,1,11352.54,1,0,1,120952.1,0
103451,854,France,Male,22,2,37397.43,2,0,0,51085.09,0
103452,685,Spain,Male,41,4,96092.42,4,0,1,84421.69,0
103453,774,Spain,Male,44,2,32760.55,4,0,1,167166.65,0
103454,848,France,Female,65,4,217666.12,4,0,1,38197.72,1
103455,713,France,Male,47,3,5786.56,1,1,0,92556.18,1
103456,548,Spain,Female,32,10,78948.18,2,1,1,187219.28,0
103457,762,Spain,Female,64,9,46173.66,1,0,1,105780.7,1
103458,688,France,Female,76,2,232884.83,4,1,0,147775.41,1
103459,778,France,Female,55,5,167370.25,3,0,0,167104.55,1
103460,488,Spain,Male,61,7,228007.56,3,0,1,48717.13,1
103461,891,Spain,Male,51,3,243082.18,3,1,1,51461.27,1
103462,406,Spain,Male,44,8,124274.56,4,0,0,154132.38,0
103463,581,France,Male,37,5,58579.78,2,0,1,153128.28,0
103464,784,Spain,Male,58,4,48432.2,4,1,1,21434.83,0
103465,733,Germany,Female,49,2,55729.72,1,0,1,71274.67,0
103466,543,France,Male,21,4,177148.33,2,0,0,85721.17,1
103467,883,Spain,Female,22,4,10111.43,3,1,1,167517.68,0
103468,867,France,Female,70,3,12840.27,2,1,1,90153.83,0
103469,534,Germany,Female,75,5,152035.74,2,0,0,185926.49,1
103470,641,France,Male,25,2,160514.29,4,0,0,199355.48,1
103471,684,Spain,Female,39,9,166315.73,2,0,0,158337.97,1
103472,465,Germany,Female,59,0,92970.13,4,0,1,136613.47,0
103473,398,Germany,Male,24,6,201486.22,1,0,1,84460.46,0
103474,431,Spain,Female,39,6,133406.15,2,0,0,22737.49,0
103475,682,Spain,Female,63,3,26366.41,2,0,1,118896.36,0
103476,684,Spain,Female,47,8,199274.83,2,1,0,78723.93,1
103477,881,France,Male,79,1,238266.95,3,0,1,76670.63,1
103478,570,France,Female,54,0,15009.08,4,0,1,140664.76,0
103479,672,France,Female,33,2,97837.83,4,1,1,98091.48,0
103480,352,Spain,Male,32,6,121879.01,3,0,1,152897.83,0
103481,555,Spain,Male,22,8,36617.69,4,0,1,85652.91,0
103482,389,France,Female,20,1,216927.24,1,1,1,38664.04,0
103483,408,Germany,Male,40,5,71037.41,3,0,0,97656.03,0
103484,856,France,Male,78,2,195752.13,4,1,1,190692.38,1
103485,471,Germany,Male,27,4,167748.62,1,1,0,162289.68,1
103486,828,Spain,Male,22,8,149511.46,4,1,1,49092.36,0
103487,445,Spain,Male,40,2,48035.71,3,1,0,84347.1,0
103488,763,France,Male,32,0,55175.88,4,1,0,186280.5,0
103489,584,France,Male,35,4,11837.1,1,1,1,33502.82,0
103490,411,Spain,Female,42,0,60178.11,1,1,1,58250.55,0
103491,605,France,Male,25,7,86360.9,1,0,1,59822.3,0
103492,697,Spain,Male,48,6,208286.33,4,1,0,118477.25,1
103493,473,Spain,Male,38,10,91598.17,3,1,1,88039.33,0
103494,831,Germany,Female,19,1,188655.45,4,0,1,25175.43,0
103495,666,France,Male,39,10,109860.57,2,0,1,129544.48,0
103496,853,Spain,Male,25,8,196217.08,3,1,1,28824.79,0
103497,397,France,Female,40,4,244067.9,2,1,0,125218.84,1
103498,758,Germany,Male,49,6,59960.39,4,1,1,106331.59,0
103499,485,Germany,Female,25,3,215585.4,3,1,0,103797.05,1
103500,550,France,Female,21,0,155456.02,2,0,0,22824.29,1
103501,599,France,Male,47,7,204323.57,4,0,1,131451.88,0
103502,663,Spain,Female,36,0,162896.48,3,1,1,91950.85,0
103503,717,Germany,Male,40,2,105987.38,1,0,0,88110.16,1
103504,778,Germany,Male,35,5,57018.73,1,0,1,123325.77,0
103505,829,Germany,Female,79,7,17508.81,1,0,0,125187.13,1
103506,663,France,Female,70,7,133879.59,2,0,0,12856.33,1
103507,849,Spain,Male,46,1,247581.52,2,1,1,33792.92,0
103508,704,France,Male,40,8,184510.45,4,0,1,54938.46,0
103509,834,France,Female,50,3,81836.39,1,0,1,138815.69,0
103510,560,France,Male,69,3,206801.2,2,1,0,119580.81,1
103511,393,Spain,Male,64,1,192246.0,1,0,0,153949.54,1
103512,890,France,Male,35,0,70408.95,4,1,1,150715.48,0
103513,441,Germany,Female,71,9,3576.87,3,1,1,172104.75,0
103514,614,Germany,Male,61,6,29540.66,2,0,0,81594.82,1
103515,569,Germany,Male,50,10,219326.55,2,0,0,75562.13,1
103516,791,Spain,Male,24,9,209140.76,3,1,1,167892.93,0
103517,750,France,Female,68,2,73802.25,2,0,0,55144.29,1
103518,749,Spain,Female,45,3,71298.86,4,1,1,97622.75,0
103519,839,France,Female,18,10,198216.25,2,1,0,46921.87,1
103520,834,Germany,Male,73,8,234434.37,2,0,1,183629.74,1
103521,819,France,Female,56,5,194784.31,3,1,1,87482.57,1
103522,794,France,Male,51,0,151394.67,4,1,0,50372.51,1
103523,618,France,Female,56,8,60667.84,1,0,0,141482.54,1
103524,616,Spain,Male,36,8,131436.98,1,0,1,56482.49,0
103525,403,France,Female,48,4,58377.96,3,1,1,189265.68,0
103526,877,France,Male,30,7,202002.86,4,0,1,79847.23,0
103527,869,France,Male,74,6,96740.27,3,1,1,136281.74,0
103528,408,Spain,Female,41,10,208424.3,3,0,0,75596.54,1
103529,389,Spain,Male,22,7,95402.3,1,1,1,163376.66,0
103530,586,Spain,Female,40,8,206037.35,4,0,0,180415.32,1
103531,735,France,Female,36,1,83329.45,4,0,0,159704.49,0
103532,649,Germany,Male,18,9,110033.18,3,0,1,171214.81,0
103533,744,Germany,Male,50,4,153872.1,1,0,0,29357.36,1
103534,556,Germany,Female,76,7,17571.9,4,0,0,185572.29,1
103535,685,France,Female,67,2,237051.77,3,1,1,128617.14,1
103536,863,Germany,Female,73,10,143401.45,2,1,1,175151.33,0
103537,527,Germany,Male,50,10,126955.0,1,0,1,140042.99,0
103538,745,Germany,Female,49,5,209848.49,4,1,1,48351.06,0
103539,720,France,Male,76,5,216440.68,4,0,1,125815.47,0
103540,667,Germany,Male,45,6,130565.1,4,1,0,27279.79,0
103541,718,Germany,Female,54,10,231815.58,1,1,1,142187.38,1
103542,733,France,Female,58,2,16184.44,3,1,1,87710.22,0
103543,411,Spain,Male,29,7,28306.45,2,0,0,38829.3,0
103544,854,Germany,Male,26,7,149197.06,4,0,1,196053.67,0
103545,588,Spain,Male,67,8,88516.47,1,1,1,181206.04,0
103546,544,Germany,Male,72,7,116056.29,4,1,1,179773.31,0
103547,571,France,Female,28,2,82019.8,3,1,0,159875.86,0
103548,410,Spain,Male,50,5,101181.33,2,1,1,141476.41,0
103549,478,Spain,Female,36,8,205661.59,4,0,1,134465.1,0
103550,505,Spain,Female,71,0,148369.05,1,0,1,30157.83,0
103551,727,Spain,Female,74,2,249336.14,3,1,1,181107.58,1
103552,786,Germany,Male,59,1,196719.8,2,0,1,177414.4,1
103553,556,Germany,Male,51,7,68416.56,1,1,0,152092.0,1
103554,737,Spain,Female,24,5,66086.28,4,0,1,186189.84,0
103555,829,Germany,Female,48,9,83974.57,1,1,1,115085.86,0
103556,689,Spain,Female,69,10,210814.87,2,0,1,95052.04,1
103557,689,Spain,Female,19,10,6821.91,3,1,1,193910.01,0
103558,553,France,Male,36,7,57545.32,3,0,1,98184.93,0
103559,510,Spain,Female,55,1,226229.61,4,1,0,131851.64,1
103560,889,Germany,Male,49,10,159974.11,4,0,0,80881.81,1
103561,741,Spain,Male,27,5,56711.77,4,1,1,130901.98,0
103562,883,France,Male,58,6,54786.24,4,1,1,146818.81,0
103563,419,Germany,Male,25,7,215654.53,2,0,0,128684.55,1
103564,754,France,Female,43,8,223439.38,4,0,0,107766.96,1
103565,866,France,Male,47,4,64032.77,1,0,0,67021.05,1
103566,469,Spain,Female,28,10,105127.59,2,1,1,132330.68,0
103567,566,France,Male,58,2,208648.93,2,1,0,182601.49,1
103568,405,France,Female,37,1,192751.86,4,1,1,11313.39,0
103569,715,Germany,Female,77,7,203479.03,2,0,1,35446.52,1
103570,853,France,Female,37,0,129599.55,1,1,0,32756.9,1
103571,804,Spain,Female,26,9,227887.26,2,0,1,185409.01,0
103572,453,Spain,Female,25,5,81487.89,2,1,1,135922.06,0
103573,426,Spain,Male,77,1,39168.03,1,1,0,190839.74,1
103574,579,France,Female,32,2,177183.08,1,1,1,120734.52,0
103575,607,Germany,Male,51,7,134838.6,2,0,0,97729.25,1
103576,613,Spain,Female,41,0,213646.44,3,1,0,160545.15,1
103577,680,France,Male,50,5,20289.81,2,1,0,40579.03,0
103578,531,Spain,Male,58,2,210923.1,1,0,1,82454.24,1
103579,899,Spain,Male,58,5,73323.66,1,1,0,98592.11,1
103580,376,Germany,Female,62,2,163713.92,1,0,0,66707.09,1
103581,625,Spain,Male,57,10,10032.2,3,1,1,80544.27,0
103582,648,Germany,Female,44,10,152395.32,1,1,0,24839.99,1
103583,440,France,Female,38,7,179317.92,4,0,1,47616.88,0
103584,829,Spain,Male,22,4,92187.55,4,1,1,73744.38,0
103585,807,France,Male,78,3,53852.68,3,0,0,161219.18,1
103586,800,France,Female,52,8,134407.67,1,0,0,44674.5,1
103587,714,France,Female,38,4,208297.7,1,1,1,75861.67,1
103588,700,Spain,Female,21,3,80886.84,4,1,0,22334.85,0
103589,749,Germany,Female,66,7,63117.32,4,1,1,115849.83,0
103590,602,Spain,Female,65,7,69733.83,2,1,0,126137.67,1
103591,808,France,Female,33,7,237283.04,3,1,1,174448.13,0
103592,848,Germany,Male,74,3,89819.23,2,0,0,165632.04,1
103593,857,France,Female,48,0,901.06,3,0,0,64221.81,0
103594,653,Germany,Female,43,1,195420.3,1,0,1,36021.2,0
103595,850,Spain,Male,79,3,174818.7,1,0,0,39655.8,1
103596,515,Germany,Male,69,9,32142.07,3,0,0,194103.15,1
103597,764,Spain,Male,52,1,246226.06,2,1,1,137912.9,1
103598,811,France,Female,23,10,152015.57,4,0,1,18088.45,0
103599,463,Germany,Male,50,9,125194.87,3,0,1,35988.06,0
103600,782,France,Male,38,2,95554.82,3,1,0,102302.01,0
103601,705,Germany,Female,33,8,224668.19,3,1,0,49487.47,1
103602,556,Spain,Female,64,8,60990.87,1,1,1,162695.21,0
103603,584,Germany,Female,56,10,71442.23,3,1,1,118911.25,0
103604,791,Germany,Female,51,8,30602.7,1,0,0,126400.12,1
103605,704,Spain,Male,59,6,189779.77,4,1,1,97936.85,1
103606,864,Spain,Female,74,3,148887.32,4,0,1,58651.93,0
103607,557,Spain,Male,77,0,152266.54,2,1,1,121986.69,1
103608,474,Germany,Female,32,2,54617.61,1,1,0,146224.31,1
103609,487,France,Male,23,7,162792.1,4,0,0,80480.13,1
103610,688,Germany,Female,19,3,191364.61,4,0,1,105939.29,0
103611,886,Germany,Female,41,9,89472.13,2,1,0,169539.95,0
103612,417,France,Female,73,9,200336.79,2,0,0,38249.53,1
103613,890,Spain,Male,66,1,87197.65,2,1,1,113592.64,0
103614,732,Germany,Male,45,7,189534.62,1,1,0,76198.41,1
103615,368,France,Male,18,6,8432.53,3,0,1,143531.0,0
103616,799,Spain,Female,18,10,137791.15,1,0,0,13573.95,1
103617,423,Spain,Male,45,9,242381.64,2,0,1,137389.93,0
103618,625,Germany,Female,53,8,245311.15,3,1,1,29550.57,0
103619,397,Spain,Female,37,1,70438.14,4,0,1,22305.87,0
103620,560,Spain,Female,65,4,110349.77,1,0,0,147678.43,1
103621,889,France,Male,25,5,15744.48,2,1,1,131665.01,0
103622,540,France,Female,18,1,218335.33,2,0,0,180037.83,1
103623,664,Spain,Male,43,1,142143.04,3,0,1,108734.44,0
103624,462,France,Female,68,9,96275.17,1,0,0,110704.64,1
103625,519,Spain,Female,60,3,28192.64,4,0,1,144333.39,0
103626,817,Germany,Female,66,7,236691.82,4,1,1,71445.54,1
103627,363,France,Male,42,10,132554.76,3,0,0,17013.37,0
103628,637,Spain,Male,27,4,70731.98,3,1,1,53708.71,0
103629,538,Spain,Female,29,8,87553.78,4,1,1,55222.55,0
103630,504,France,Male,58,3,67674.3,3,0,0,73775.18,1
103631,820,France,Male,24,2,150452.45,3,1,0,189257.92,1
103632,424,Germany,Female,78,9,232490.89,1,0,1,162920.13,1
103633,626,Spain,Female,29,7,214173.45,3,1,1,187831.69,0
103634,692,Germany,Male,64,0,115095.22,2,0,0,199735.82,1
103635,774,Germany,Female,57,8,206624.84,2,1,1,92418.01,1
103636,860,Germany,Female,34,3,105776.37,2,1,1,53143.93,0
103637,531,France,Male,22,10,63076.79,3,1,0,116400.79,0
103638,807,Germany,Male,31,8,245853.78,4,1,1,177415.54,0
103639,413,France,Female,51,7,75971.89,2,1,1,98489.05,0
103640,609,France,Male,65,2,80931.06,1,1,0,106025.87,1
103641,542,Germany,Male,78,2,247423.22,3,0,1,35543.43,1
103642,755,Germany,Female,34,8,33481.87,4,1,1,89886.54,0
103643,442,Spain,Female,52,2,190133.5,4,0,1,83529.01,1
103644,779,Germany,Female,72,3,233953.19,3,1,1,76820.82,1
103645,783,Spain,Female,18,8,127948.75,3,0,1,178586.75,0
103646,753,Germany,Male,76,3,630.44,1,1,0,21267.27,1
103647,783,Germany,Male,67,10,93764.74,3,1,1,194707.96,0
103648,461,Germany,Female,67,2,27892.25,3,1,1,11566.9,0
103649,724,Germany,Female,53,6,104046.92,4,1,0,189662.86,1
103650,408,Spain,Female,32,5,197506.69,2,1,1,114129.03,0
103651,392,Spain,Female,77,0,109677.89,2,1,1,143464.6,0
103652,556,Germany,Male,36,9,107981.28,4,1,1,45555.24,0
103653,645,Germany,Male,68,7,139197.37,3,1,0,134300.19,1
103654,467,Spain,Female,59,0,145422.65,1,0,1,177571.96,0
103655,881,France,Female,22,3,214074.08,2,0,0,36501.23,1
103656,571,France,Male,36,5,77088.86,3,1,0,34145.51,0
103657,515,France,Male,60,5,205417.82,2,0,1,67755.8,1
103658,505,Spain,Male,56,6,141483.44,4,1,0,40727.92,1
103659,533,Spain,Male,22,10,75132.39,2,0,0,31022.71,0
103660,439,France,Female,69,4,73781.51,4,1,0,138880.62,1
103661,443,France,Male,29,4,90284.38,4,0,0,50627.06,0
103662,362,Germany,Male,36,3,155673.31,4,0,1,136732.83,0
103663,787,Spain,Male,64,5,57702.93,1,1,1,173766.55,0
103664,887,Spain,Female,29,6,230083.39,3,0,1,133884.71,0
103665,499,France,Female,53,9,143728.15,4,1,1,32679.74,0
103666,357,France,Male,79,9,230003.94,4,1,0,118979.74,1
103667,378,Spain,Male,29,0,11601.09,2,0,1,84789.45,0
103668,645,Germany,Female,35,8,85652.84,3,1,1,75240.48,0
103669,689,France,Female,66,7,5701.92,1,0,0,70520.98,1
103670,788,Spain,Male,68,6,68062.95,1,0,1,186592.12,1
103671,493,Spain,Female,65,8,215501.62,2,0,0,151076.42,1
103672,868,Germany,Male,60,2,9152.43,1,0,1,35431.27,0
103673,394,Germany,Female,51,9,109036.77,2,0,1,100441.04,0
103674,588,France,Male,65,3,29391.77,3,0,1,70462.38,0
103675,504,France,Male,50,6,104210.16,2,1,0,195808.28,0
103676,530,France,Female,66,5,209712.9,2,0,1,195825.5,0
103677,564,Spain,Male,35,1,155767.76,4,0,1,70711.55,0
103678,437,France,Female,78,1,184189.09,1,0,0,76901.49,1
103679,605,Spain,Female,78,9,87276.03,3,1,1,123888.7,0
103680,860,France,Female,74,6,236099.42,3,1,1,101068.33,1
103681,422,Germany,Male,46,8,177315.52,4,1,0,50489.17,1
103682,528,Germany,Male,62,10,105449.7,2,0,0,135478.31,1
103683,561,Spain,Male,22,8,106616.2,3,0,1,73484.44,0
103684,583,Germany,Female,42,6,229671.04,3,0,0,134206.13,1
103685,814,Spain,Male,41,10,144101.17,2,1,0,82899.49,0
103686,572,Spain,Male,46,7,176594.8,2,1,0,143039.88,1
103687,613,Germany,Male,76,9,104258.81,3,1,1,136881.9,0
103688,556,Spain,Male,55,2,55923.19,2,0,1,106674.42,0
103689,715,Germany,Female,50,0,180889.82,1,0,0,143900.6,1
103690,625,France,Male,27,6,151955.94,3,1,0,97583.48,1
103691,729,France,Female,54,7,125335.72,2,0,1,32066.28,0
103692,658,Germany,Female,77,1,156005.23,3,1,0,44600.19,1
103693,617,Germany,Female,50,8,52071.4,3,1,0,56738.7,0
103694,413,Germany,Female,40,3,198484.68,4,1,1,22013.5,0
103695,699,Germany,Male,75,9,237040.7,1,0,1,145162.43,1
103696,843,France,Male,79,10,222775.79,1,1,1,79804.14,1
103697,872,Spain,Male,28,8,80358.94,4,1,0,27769.43,0
103698,447,Spain,Female,41,2,101501.44,4,0,0,165792.04,0
103699,420,France,Male,41,7,202100.57,3,0,0,139894.31,1
103700,713,Spain,Female,24,10,148779.28,1,1,1,95922.61,0
103701,625,France,Male,67,1,136978.61,4,0,0,57010.81,1
103702,399,Spain,Male,38,2,231660.49,2,0,1,38831.72,0
103703,707,Germany,Male,37,0,134006.24,3,0,1,97091.1,0
103704,834,Germany,Female,70,4,128734.67,1,0,0,178196.69,1
103705,433,Germany,Male,27,3,10504.65,3,1,1,45795.11,0
103706,645,France,Female,42,0,17354.24,3,0,0,118045.25,0
103707,585,France,Female,64,9,1855.08,2,1,0,192720.34,1
103708,405,Spain,Female,53,8,228311.06,2,0,1,131052.15,0
103709,709,Spain,Male,65,5,102096.67,4,0,0,93593.3,1
103710,459,Spain,Male,64,5,117140.34,2,1,1,146110.86,0
103711,541,France,Female,32,10,211346.74,1,0,1,166669.8,0
103712,442,Spain,Female,61,1,152311.58,4,0,1,122198.1,1
103713,409,Germany,Female,57,6,152375.4,1,1,0,175648.15,1
103714,388,Spain,Female,57,8,74133.61,1,1,0,107772.43,1
103715,889,Germany,Female,67,5,208477.09,4,1,0,167705.51,1
103716,398,France,Male,79,10,41457.49,2,0,1,190883.66,0
103717,769,Germany,Male,23,7,13287.4,3,0,1,105236.26,0
103718,362,Germany,Male,54,4,47900.84,2,0,0,124950.33,1
103719,385,Germany,Female,19,1,66934.3,1,1,1,125798.83,0
103720,450,France,Female,29,3,70577.76,1,0,0,158472.62,1
103721,435,France,Male,75,0,167628.4,4,1,0,166363.51,1
103722,865,France,Male,21,0,54456.15,1,1,0,15173.57,1
103723,572,France,Female,40,5,169164.58,4,1,0,149338.32,1
103724,687,Spain,Female,30,1,22783.04,4,1,1,158924.9,0
103725,515,France,Female,34,5,36800.62,2,1,0,143081.59,0
103726,732,Germany,Male,48,0,127205.36,1,0,1,145602.18,0
103727,725,France,Female,33,10,230473.95,2,1,1,17866.54,0
103728,820,Spain,Female,58,9,214891.9,3,1,0,93987.35,1
103729,380,Spain,Female,43,2,242188.36,2,1,0,165454.13,1
103730,724,Spain,Male,45,8,162619.77,1,1,1,187461.36,0
103731,360,Germany,Female,18,1,168953.72,3,0,0,53598.9,1
103732,651,France,Male,64,7,156255.75,1,0,1,120047.04,1
103733,445,France,Female,29,5,155704.73,3,0,1,162822.75,0
103734,539,France,Female,54,5,36780.09,1,1,1,152957.45,0
103735,802,Germany,Male,72,6,135934.74,2,0,1,127589.12,0
103736,541,Germany,Female,73,4,96516.98,1,0,0,13551.33,1
103737,835,Spain,Male,67,10,110634.3,4,1,0,147538.31,1
103738,615,Spain,Female,37,3,130900.14,4,1,0,156916.08,0
103739,773,France,Male,19,5,32099.04,2,1,1,147341.41,0
103740,477,Germany,Female,53,7,89871.93,2,1,0,155503.74,1
103741,587,Germany,Male,32,3,15862.39,3,1,1,91873.83,0
103742,704,France,Male,55,4,244917.03,2,0,1,198812.91,1
103743,461,France,Female,39,6,29632.01,4,0,1,156449.51,0
103744,795,Spain,Male,61,5,64631.18,2,0,0,119949.2,1
103745,692,Spain,Female,78,3,222823.23,4,0,0,187496.34,1
103746,494,Spain,Male,67,3,120677.51,2,0,1,182557.68,0
103747,414,France,Female,49,9,33909.3,4,1,0,164767.74,0
103748,596,France,Female,76,3,96057.63,3,0,1,117102.03,0
103749,839,Spain,Female,37,0,28967.0,1,0,0,110149.19,1
103750,788,Spain,Female,53,4,50054.0,1,0,0,72454.51,1
103751,455,Germany,Male,79,7,13007.46,4,0,0,57666.82,1
103752,530,Germany,Female,50,6,109556.87,2,0,1,107348.31,0
103753,533,Spain,Female,32,4,201659.03,2,1,0,119778.53,1
103754,575,Spain,Female,79,2,146492.29,1,1,0,56460.02,1
103755,438,Germany,Female,67,10,151586.33,4,0,1,185294.24,1
103756,879,Spain,Female,63,0,50146.01,2,1,0,115882.06,1
103757,720,Germany,Male,20,6,85973.46,1,0,1,110036.01,0
103758,748,Germany,Female,46,10,211310.53,4,0,0,92771.29,1
103759,455,Germany,Male,64,2,21964.05,3,1,1,21033.55,0
103760,620,France,Male,44,3,214482.66,2,1,1,177656.25,0
103761,852,France,Female,22,4,120922.51,2,1,0,70228.9,0
103762,874,Spain,Female,76,7,209286.86,4,0,1,132067.46,0
103763,381,Germany,Male,73,6,79501.6,1,0,1,125412.38,1
103764,742,France,Male,48,8,84710.74,4,0,0,121052.5,0
103765,389,Spain,Male,39,10,187901.22,1,1,0,109885.32,1
103766,567,Spain,Female,52,2,196249.04,4,1,0,44473.57,1
103767,431,Spain,Male,71,10,57411.17,3,0,0,63315.09,1
103768,550,Spain,Male,24,9,243217.83,2,1,1,109595.73,0
103769,796,Spain,Female,23,0,21122.53,1,1,1,159975.07,0
103770,777,Germany,Male,43,0,17125.74,3,0,0,92077.9,0
103771,387,Spain,Female,71,9,148876.05,4,1,0,48745.29,1
103772,560,Germany,Male,18,0,180685.19,1,1,0,26709.44,1
103773,793,France,Female,36,1,240221.53,1,0,0,135972.09,1
103774,676,Spain,Male,24,1,101236.45,3,0,1,90434.59,0
103775,576,France,Female,53,6,6322.85,4,0,1,33820.47,0
103776,397,Germany,Female,29,8,150724.08,3,1,1,138148.71,0
103777,367,Germany,Male,37,7,72424.01,4,0,1,49439.96,0
103778,788,France,Female,40,3,108236.78,3,1,1,106713.05,0
103779,536,Spain,Male,42,1,122117.37,3,0,0,68175.72,0
103780,694,Spain,Female,47,2,16128.15,3,0,0,187021.11,0
103781,573,France,Female,76,9,121495.45,3,0,1,53374.73,0
103782,837,France,Female,78,4,106579.92,4,1,1,89784.52,0
103783,578,France,Female,46,8,178136.07,2,0,0,192303.78,1
103784,739,Spain,Female,48,7,161416.48,3,0,1,70557.78,0
103785,537,Spain,Female,35,2,46303.93,4,1,1,132472.7,0
103786,619,Spain,Female,58,8,51534.73,2,1,1,70178.14,0
103787,659,France,Male,36,9,62751.54,1,0,1,31028.25,0
103788,481,Spain,Male,71,2,44737.61,1,0,0,129233.97,1
103789,421,Germany,Female,21,9,164303.3,3,0,1,184045.99,0
103790,536,France,Female,18,7,248607.54,1,1,1,95987.29,0
103791,835,Spain,Female,58,0,163027.09,3,1,1,128973.54,0
103792,540,France,Male,76,3,151670.39,3,0,1,125690.7,1
103793,771,Germany,Female,32,3,102481.98,2,0,1,88867.04,0
103794,469,Germany,Male,71,5,78145.06,1,0,0,126830.36,1
103795,569,France,Female,25,1,227768.44,3,0,0,59270.44,1
103796,402,France,Female,32,6,242250.47,1,1,0,81827.2,1
103797,800,Germany,Female,32,4,124194.04,2,1,1,94040.58,0
103798,761,France,Female,67,9,72550.12,1,1,1,174161.65,0
103799,586,Germany,Female,56,5,192530.55,2,0,0,76183.25,1
103800,755,Germany,Male,39,10,33114.2,2,0,0,130676.04,0
103801,771,Spain,Female,35,5,191397.06,2,1,1,50546.73,0
103802,596,France,Male,33,10,204737.09,3,0,1,57988.25,0
103803,421,France,Male,19,5,31225.99,4,1,0,133201.49,0
103804,534,Spain,Female,53,9,244215.37,3,0,1,154838.89,1
103805,355,Germany,Female,37,7,246378.07,1,0,1,97802.26,0
103806,555,France,Female,33,9,234179.87,3,0,0,73668.94,1
103807,893,Spain,Male,20,3,124008.7,3,1,1,182951.6,0
103808,736,Spain,Male,73,9,61518.54,4,0,1,35803.48,0
103809,425,France,Male,47,7,145502.32,1,0,1,146935.71,0
103810,526,Spain,Female,72,8,104983.46,2,1,0,141132.44,1
103811,698,Germany,Male,19,3,51487.16,2,0,1,141146.58,0
103812,604,Spain,Male,52,0,105919.1,1,0,1,187729.88,1
103813,657,Germany,Male,43,2,165972.46,3,1,0,148356.16,1
103814,694,Germany,Female,74,0,17728.33,4,0,1,67297.39,0
103815,476,France,Male,78,6,83354.5,4,1,1,77147.75,0
103816,636,Spain,Male,22,0,4448.72,1,0,1,84311.08,0
103817,836,Germany,Female,19,10,187373.88,1,0,0,15853.65,1
103818,732,Germany,Female,68,3,160172.82,3,1,0,183566.96,1
103819,755,Spain,Female,73,0,15668.03,4,0,1,23974.99,0
103820,737,Germany,Male,37,1,241184.39,1,1,0,142960.91,1
103821,874,Spain,Male,79,10,5655.39,3,0,0,148730.59,1
103822,625,France,Male,51,0,147490.16,3,1,0,170305.86,1
103823,849,Germany,Female,51,4,194091.87,1,0,0,115138.83,1
103824,686,Germany,Male,71,6,196974.08,4,0,0,147800.24,1
103825,830,Spain,Female,73,2,8571.28,2,0,0,67517.36,1
103826,622,Spain,Female,72,7,226603.78,3,0,0,151660.96,1
103827,407,Spain,Male,37,4,229612.92,2,0,0,75248.99,1
103828,677,Spain,Male,67,4,140347.59,3,1,0,181539.31,1
103829,458,Germany,Male,42,4,120520.8,4,0,1,41042.54,0
103830,628,France,Female,37,7,11216.87,2,1,0,69993.89,0
103831,677,France,Female,42,1,140488.54,1,1,0,104766.2,0
103832,664,France,Male,70,1,102344.77,3,0,1,157411.61,0
103833,823,France,Female,31,7,193201.6,1,0,1,152271.83,0
103834,460,Spain,Male,77,8,100970.89,1,0,1,50036.21,0
103835,578,Germany,Male,64,10,170895.21,4,1,1,37404.78,0
103836,846,Germany,Male,61,9,25352.04,1,0,0,67754.22,1
103837,505,Germany,Female,60,9,33238.07,3,0,0,101913.29,1
103838,822,Spain,Female,60,1,34927.55,1,0,0,112410.96,1
103839,621,Germany,Male,79,3,11381.37,1,0,1,91536.14,1
103840,351,Spain,Male,56,7,135332.21,3,0,0,135987.12,1
103841,860,Germany,Female,29,1,198491.93,1,0,0,91236.2,1
103842,635,France,Male,65,3,152602.8,4,1,1,189802.51,1
103843,362,Spain,Female,22,9,143738.72,3,0,1,59584.08,0
103844,847,Germany,Male,19,0,170155.98,4,1,1,129200.7,0
103845,587,France,Female,71,1,84911.33,1,1,1,126161.81,1
103846,443,France,Male,33,6,90488.52,2,0,1,63499.2,0
103847,687,France,Female,72,0,78567.52,4,0,0,88220.65,1
103848,520,Spain,Male,47,0,178027.23,4,1,1,79439.99,0
103849,816,Spain,Female,64,1,40410.08,1,0,1,42774.82,0
103850,492,Germany,Female,60,3,3256.32,2,0,0,100686.09,1
103851,550,France,Female,78,6,149049.11,3,0,0,83465.83,1
103852,529,Germany,Female,55,3,235595.34,2,0,0,43880.3,1
103853,713,Germany,Male,62,4,152351.98,3,1,1,95477.21,1
103854,828,France,Female,79,3,195730.41,1,1,1,90150.35,1
103855,820,Germany,Female,68,3,168197.68,2,1,0,34959.48,1
103856,733,Spain,Male,59,8,124359.16,1,0,0,34925.63,1
103857,766,Germany,Female,41,5,179598.1,4,1,1,133026.4,0
103858,657,France,Male,68,2,206026.03,2,1,0,144250.35,1
103859,716,Spain,Female,47,5,56182.91,3,1,0,188824.28,0
103860,350,Spain,Female,54,6,84032.62,4,0,0,26530.89,1
103861,393,Germany,Female,74,6,55931.43,3,0,0,32393.68,1
103862,447,Germany,Female,76,7,113043.24,4,0,1,19845.44,0
103863,614,Spain,Female,70,3,221266.14,3,0,1,111123.4,1
103864,489,Germany,Female,56,0,86301.78,3,0,1,128321.86,0
103865,830,France,Male,28,5,93616.72,1,1,0,86669.46,1
103866,586,Germany,Male,31,7,215091.81,4,1,1,161601.42,0
103867,421,Germany,Female,40,4,128843.58,1,0,1,140472.89,0
103868,539,Spain,Female,70,2,133862.25,1,0,0,197309.68,1
103869,617,Germany,Male,33,3,215200.3,1,1,0,36200.05,1
103870,670,Germany,Male,67,7,122631.68,1,1,1,21079.98,1
103871,456,Germany,Female,38,5,170389.38,3,0,0,62212.7,1
103872,581,France,Female,72,4,21411.17,1,0,0,13619.54,1
103873,391,Germany,Female,72,8,44657.93,1,0,1,187196.17,0
103874,488,France,Female,21,9,101094.05,1,1,1,67750.82,0
103875,622,France,Female,50,2,123709.77,3,1,1,114961.73,0
103876,830,France,Female,71,6,241433.43,4,0,0,70433.23,1
103877,765,France,Male,78,8,242662.91,3,0,0,56703.64,1
103878,855,Spain,Female,64,10,212799.27,3,1,0,38949.3,1
103879,773,France,Female,31,10,78899.71,3,1,0,70869.52,0
103880,756,Germany,Male,36,3,241007.07,4,1,0,126929.6,1
103881,739,France,Male,76,9,172335.22,1,0,0,194608.03,1
103882,691,Germany,Male,22,9,98235.03,1,0,1,116037.49,0
103883,842,France,Male,53,2,175418.73,4,0,1,111214.72,1
103884,541,Spain,Female,48,0,4130.68,4,0,0,16699.97,0
103885,848,France,Male,62,8,36538.67,2,1,1,169618.81,0
103886,582,France,Male,35,0,207421.43,1,1,1,18519.86,0
103887,576,Spain,Female,61,1,161393.41,3,0,1,182184.13,1
103888,720,France,Male,48,8,91048.68,3,0,0,112347.63,0
103889,488,Germany,Male,72,4,125166.66,1,0,1,42008.65,0
103890,498,France,Female,47,3,226285.54,4,0,1,95824.4,0
103891,464,France,Female,38,8,157894.53,2,0,0,199047.05,1
103892,799,France,Female,64,8,99537.32,3,0,0,67965.74,1
103893,412,Spain,Female,47,1,30081.66,2,0,0,61197.36,0
103894,453,France,Female,72,2,73436.7,3,0,1,32421.12,0
103895,622,France,Female,58,2,244585.06,3,0,1,123457.05,1
103896,355,Germany,Female,21,4,109340.77,1,0,1,26953.13,0
103897,496,France,Male,22,2,117959.87,3,1,0,155541.53,0
103898,533,France,Male,58,9,124649.51,2,1,0,184652.47,1
103899,377,France,Female,62,5,221026.01,2,1,0,187055.51,1
103900,899,France,Male,27,1,150982.07,1,1,1,30504.09,0
103901,468,Germany,Female,44,5,173419.26,3,0,1,116069.89,0
103902,642,Germany,Male,33,5,97353.39,2,1,1,28450.87,0
103903,720,Spain,Female,47,1,7271.9,4,1,0,118683.07,0
103904,593,France,Male,30,5,232743.23,1,1,0,164846.31,1
103905,567,Spain,Female,53,5,237281.92,4,1,1,112180.13,0
103906,526,Spain,Male,38,5,237288.26,2,1,1,175690.23,0
103907,648,France,Female,62,4,235921.77,4,0,1,162318.13,1
103908,407,Germany,Male,70,6,203810.49,1,1,0,62544.19,1
103909,618,Germany,Male,57,4,171149.01,4,1,1,129719.43,1
103910,657,France,Female,62,10,211127.48,2,0,0,11408.3,1
103911,637,France,Male,32,0,150136.56,4,1,1,85247.96,0
103912,454,Germany,Male,37,8,33592.4,4,0,1,55212.43,0
103913,577,France,Male,37,2,97804.54,4,1,1,188052.11,0
103914,596,France,Male,62,1,242823.73,3,0,1,87023.91,1
103915,843,France,Male,72,9,87784.45,2,0,1,134272.24,0
103916,432,Germany,Female,76,5,216956.98,4,0,1,149076.51,1
103917,535,Spain,Female,22,7,23302.87,2,1,1,156910.38,0
103918,601,Spain,Male,71,1,83545.96,4,1,1,149797.29,0
103919,704,France,Female,71,3,87738.33,1,0,1,64941.36,0
103920,559,Germany,Male,77,1,12900.64,1,0,1,140352.86,1
103921,796,France,Female,49,8,29773.58,1,0,0,114311.8,0
103922,809,Germany,Male,23,9,48291.3,4,0,0,123500.81,0
103923,821,France,Male,47,1,209453.9,2,0,1,10154.78,0
103924,719,Germany,Male,43,9,15850.5,1,0,1,59068.94,0
103925,841,Germany,Male,54,1,74675.23,3,0,0,186829.9,1
103926,486,Spain,Female,30,4,2543.75,1,0,0,65114.46,1
103927,716,France,Female,46,4,173906.94,1,0,0,93222.95,1
103928,533,Spain,Female,22,6,155075.77,3,0,1,45468.06,0
103929,636,Spain,Male,42,0,161245.57,1,1,1,36334.48,0
103930,821,Germany,Female,30,1,93595.7,4,0,1,49647.1,0
103931,724,France,Female,41,10,52066.96,4,1,1,115192.99,0
103932,886,Germany,Male,48,10,180080.05,1,0,0,184615.44,1
103933,860,Germany,Male,37,5,202779.47,2,1,0,71977.84,1
103934,599,Germany,Male,72,1,34650.37,2,0,0,71447.51,1
103935,859,France,Female,25,3,121707.36,1,1,0,117186.71,1
103936,422,France,Female,77,9,62178.92,3,0,1,77781.12,0
103937,631,Germany,Male,26,5,42026.72,4,0,0,182979.05,0
103938,709,France,Female,38,6,183581.33,4,0,0,81791.13,1
103939,359,Germany,Male,68,9,134524.23,4,1,1,103184.03,0
103940,560,France,Female,78,4,54046.33,1,0,1,111343.96,1
103941,501,France,Male,37,7,77500.0,4,0,1,158592.88,0
103942,354,Spain,Female,32,5,241663.42,1,0,0,117142.13,1
103943,544,Germany,Female,43,4,212169.89,1,1,0,55439.47,1
103944,632,Spain,Female,71,3,219986.69,2,1,1,33557.57,0
103945,813,Spain,Male,59,5,115003.02,3,0,1,188177.16,0
103946,462,Germany,Male,28,5,155951.82,3,0,1,162296.97,0
103947,620,Germany,Male,54,5,94191.94,3,1,1,14363.39,0
103948,512,France,Female,58,0,19427.99,4,1,0,166090.51,1
103949,809,Germany,Male,78,5,100267.33,2,0,1,122213.58,0
103950,454,Spain,Female,28,0,148495.19,2,0,0,108589.9,0
103951,631,Spain,Male,44,4,71786.07,1,0,1,12323.54,0
103952,511,Germany,Male,47,6,211987.64,2,1,1,158364.17,0
103953,700,Spain,Female,36,0,37775.04,1,1,0,47632.35,1
103954,783,France,Female,51,0,91782.27,2,0,1,148316.43,0
103955,489,Spain,Male,55,5,31225.98,1,1,1,13014.97,1
103956,820,France,Male,78,6,101208.03,4,1,1,161307.19,0
103957,481,Spain,Female,40,5,9915.33,2,0,0,14377.5,0
103958,436,France,Female,70,4,68137.35,3,0,0,54819.65,1
103959,532,France,Male,18,5,100183.81,1,0,1,60972.86,0
103960,717,Germany,Female,20,2,119541.34,2,1,1,39926.64,0
103961,478,France,Male,20,8,135924.09,2,1,0,101401.06,0
103962,595,Germany,Male,45,4,68747.78,1,0,0,63900.71,1
103963,727,Spain,Male,31,1,130760.33,2,1,0,198724.72,0
103964,498,Spain,Female,69,9,127251.16,3,1,1,120194.07,0
103965,782,Spain,Male,47,9,79044.51,1,1,1,117630.79,0
103966,818,France,Male,75,6,207550.08,1,1,1,51965.23,1
103967,795,Spain,Female,71,2,136410.28,1,0,1,87650.99,0
103968,830,Spain,Female,22,0,83067.43,1,1,0,33555.82,1
103969,643,Germany,Female,66,2,236834.63,1,0,0,154880.56,1
103970,492,Germany,Male,32,8,211278.1,3,1,0,72920.26,1
103971,599,Spain,Female,55,4,245646.95,1,0,1,152873.51,1
103972,651,Spain,Female,31,6,173058.47,3,1,0,80622.24,1
103973,374,France,Male,31,2,94555.73,3,0,1,197863.88,0
103974,419,France,Male,74,3,70215.17,3,0,0,42513.11,1
103975,461,Spain,Male,76,0,165829.46,1,1,1,10289.54,1
103976,713,Germany,Male,66,2,245204.15,3,1,1,123016.85,1
103977,652,Spain,Female,25,6,156678.77,1,0,0,191061.11,1
103978,820,France,Male,25,3,220403.74,3,1,0,132940.27,1
103979,440,Germany,Female,36,1,82275.86,1,0,0,26287.47,0
103980,879,Germany,Male,49,4,101738.45,2,0,0,112691.27,0
103981,541,France,Male,48,4,226568.81,2,0,0,182802.52,1
103982,591,Spain,Female,46,1,189216.68,3,0,0,11236.15,1
103983,487,Spain,Female,58,10,245352.58,4,1,1,41713.32,0
103984,694,Spain,Female,28,5,193691.05,4,1,0,164766.7,1
103985,529,France,Male,62,9,112128.93,2,1,1,179842.35,0
103986,852,Germany,Male,30,3,132767.0,3,1,1,144360.52,0
103987,552,France,Female,44,0,225128.87,3,1,1,198396.43,0
103988,541,Spain,Female,73,2,137911.68,3,0,0,27141.03,1
103989,354,France,Male,36,8,63849.34,4,1,0,113678.54,0
103990,586,Germany,Female,43,9,108904.95,2,1,0,140149.0,0
103991,660,France,Female,70,6,129079.0,3,1,0,143502.5,1
103992,898,Spain,Male,68,5,24179.96,2,0,0,160762.08,1
103993,405,Germany,Female,54,0,185940.67,2,1,0,184348.95,1
103994,792,France,Male,65,8,27338.48,1,1,1,78711.87,1
103995,586,France,Male,26,8,101229.43,4,1,1,18163.04,0
103996,546,Germany,Male,45,0,201155.61,2,1,1,78863.96,0
103997,863,Germany,Female,49,5,116892.59,1,1,1,137606.81,0
103998,798,Spain,Female,69,6,210503.88,4,0,1,50556.66,1
103999,709,Germany,Female,71,1,85470.33,3,1,0,163894.86,1
104000,379,Spain,Female,20,9,239409.07,3,1,0,51755.25,1
104001,457,France,Male,68,7,52367.11,1,1,1,11912.05,1
104002,794,Spain,Male,49,7,9566.04,3,0,1,106535.35,0
104003,787,France,Female,22,5,218106.64,1,1,1,148027.7,0
104004,806,Germany,Female,25,8,188050.68,1,1,0,76434.51,1
104005,844,France,Female,31,2,57995.96,3,0,0,152290.2,0
104006,596,Germany,Female,73,1,246185.4,4,1,0,93296.82,1
104007,892,France,Male,20,1,125570.03,1,0,0,42625.78,0
104008,788,France,Female,41,5,237766.36,4,1,0,27206.09,1
104009,627,France,Male,30,6,126257.19,4,0,0,145011.56,0
104010,460,France,Female,60,5,117968.65,1,0,0,83285.81,1
104011,734,Spain,Female,46,10,112284.63,4,0,1,183427.02,0
104012,540,France,Female,25,2,83718.82,1,0,1,112648.46,0
104013,839,Spain,Male,68,4,133425.37,3,1,0,76202.16,1
104014,775,Germany,Female,59,7,113138.67,3,0,1,76308.28,0
104015,754,Germany,Male,48,5,9186.72,3,0,0,34973.19,0
104016,684,Spain,Male,78,1,65108.81,3,1,1,122819.94,0
104017,558,Germany,Female,43,6,53280.7,3,1,0,120611.76,0
104018,371,Germany,Male,35,7,216858.9,4,0,0,161998.8,1
104019,557,France,Male,75,3,149717.49,4,0,1,48227.42,0
104020,357,France,Male,35,0,190920.78,4,1,0,65250.03,1
104021,878,France,Female,74,1,239206.51,2,0,1,28475.21,0
104022,515,Spain,Male,24,3,161009.82,2,1,0,66115.02,1
104023,845,Spain,Male,65,6,245652.5,1,1,1,91339.4,1
104024,778,Germany,Female,55,1,77941.01,2,0,0,193165.4,1
104025,512,France,Female,65,5,46566.8,3,1,1,134082.54,0
104026,715,Spain,Male,33,1,100827.47,3,1,0,158746.05,0
104027,875,Spain,Male,72,6,117699.85,3,0,1,71846.88,0
104028,588,France,Male,73,1,223840.39,1,1,1,37457.43,1
104029,421,Spain,Male,77,2,139985.11,1,1,1,58776.79,1
104030,794,France,Female,50,8,73045.25,1,0,1,58728.86,0
104031,858,Germany,Female,73,3,185658.57,1,1,0,120791.91,1
104032,618,Germany,Male,68,4,126457.98,4,1,1,74879.52,0
104033,764,Germany,Female,20,8,40532.99,1,0,0,172905.78,1
104034,594,France,Male,55,6,144204.95,1,1,0,197823.46,1
104035,409,Spain,Female,21,7,227848.63,2,1,0,75226.7,1
104036,355,Germany,Female,53,10,210655.65,4,1,0,143961.45,1
104037,756,Germany,Male,21,2,146702.49,3,1,0,134922.45,0
104038,566,Germany,Male,59,10,94270.79,2,0,0,46947.87,1
104039,375,Spain,Male,26,10,21744.69,1,1,0,184421.63,1
104040,354,Spain,Male,57,3,117412.23,3,0,0,47894.09,1
104041,881,France,Female,68,6,188019.86,3,1,1,150021.86,0
104042,739,Germany,Female,34,3,90068.43,3,0,1,76045.83,0
104043,797,Spain,Male,34,1,58861.71,2,1,0,79745.5,0
104044,495,France,Female,50,9,232844.93,4,0,1,96535.32,0
104045,737,Germany,Female,37,5,205388.93,4,0,1,174256.52,0
104046,598,Spain,Male,31,8,159568.9,3,1,0,36647.87,1
104047,875,Spain,Male,39,1,34195.84,1,1,1,20368.22,0
104048,811,France,Female,69,0,36227.21,4,0,1,86387.76,0
104049,362,Germany,Male,44,7,25804.9,4,0,1,20561.17,0
104050,733,Germany,Male,60,0,154074.17,1,0,0,140644.17,1
104051,748,Spain,Female,20,0,28890.7,2,0,0,154461.76,0
104052,368,Germany,Female,41,2,210656.8,2,0,1,172395.36,0
104053,840,France,Male,47,4,248241.25,1,0,0,151330.03,1
104054,768,Spain,Female,25,8,91587.05,2,1,0,184106.76,0
104055,686,Spain,Male,39,10,113417.46,3,1,1,152177.21,0
104056,768,France,Male,42,9,177916.79,4,0,1,187854.37,0
104057,471,Spain,Female,77,1,234288.25,2,0,1,46691.05,0
104058,781,Germany,Female,27,0,223523.44,3,1,1,104974.0,0
104059,393,Germany,Male,66,0,14397.96,3,0,0,198846.81,1
104060,666,Spain,Male,46,7,42267.95,3,0,0,139499.85,0
104061,730,France,Male,57,9,188649.3,3,1,0,176941.81,1
104062,494,France,Female,71,9,172223.28,3,1,0,15774.82,1
104063,676,Germany,Male,18,9,33304.65,1,0,0,175634.0,1
104064,712,France,Female,69,1,125516.15,4,1,0,142565.51,1
104065,399,Spain,Male,38,8,195203.66,4,0,0,42443.53,1
104066,414,Spain,Female,56,8,54695.17,1,1,0,14879.38,1
104067,704,Germany,Male,41,1,217821.91,1,0,0,59386.05,1
104068,513,Germany,Female,26,2,13242.94,3,0,1,183996.94,0
104069,490,Germany,Male,77,1,195548.77,2,0,0,136945.26,1
104070,477,France,Male,61,5,153954.72,4,0,0,184699.13,1
104071,747,Spain,Male,71,6,78799.84,2,1,0,94768.65,1
104072,812,Spain,Male,43,5,180233.14,4,1,1,187959.15,0
104073,536,Spain,Female,26,2,195591.45,3,1,1,97962.36,0
104074,539,Germany,Female,37,2,233474.74,2,0,0,48808.4,1
104075,737,Spain,Female,73,1,91943.67,4,1,0,38764.76,1
104076,778,France,Female,52,1,171504.18,4,0,1,198824.24,1
104077,633,France,Female,53,10,150654.07,3,0,0,73433.91,1
104078,586,Spain,Male,59,4,131301.52,2,1,1,40410.07,0
104079,543,Germany,Female,53,10,222604.12,3,1,0,11597.6,1
104080,636,Spain,Female,71,10,791.83,2,0,1,64258.22,0
104081,485,France,Female,26,7,70527.9,2,0,1,178932.07,0
104082,520,France,Female,39,5,134569.31,4,1,0,111461.77,0
104083,508,France,Male,18,8,44573.32,1,1,1,130162.66,0
104084,550,Spain,Male,22,10,226966.63,2,1,1,185254.31,0
104085,836,France,Male,26,4,161898.78,2,1,1,107439.58,0
104086,853,Germany,Male,54,9,119470.75,3,1,0,169273.17,1
104087,720,Spain,Female,55,3,203675.44,2,0,0,71528.32,1
104088,452,Spain,Female,36,8,112721.55,2,0,1,195649.35,0
104089,474,France,Male,25,9,139663.25,2,0,1,24974.64,0
104090,662,France,Male,59,10,687.75,2,1,0,147717.61,1
104091,807,Germany,Female,60,4,91425.13,2,0,0,135507.59,1
104092,579,Spain,Female,49,0,34697.62,1,1,0,46417.59,0
104093,546,France,Male,30,4,172422.17,4,1,1,83880.36,0
104094,772,Germany,Male,37,4,119756.74,2,1,0,69437.53,0
104095,520,France,Male,53,4,75439.39,3,0,0,27953.64,1
104096,731,Spain,Male,60,1,116958.08,3,0,0,121109.72,1
104097,522,France,Female,61,5,52407.47,2,0,0,198797.27,1
104098,802,Spain,Female,54,4,231271.66,2,0,1,116321.75,1
104099,699,France,Female,47,1,13493.16,2,1,1,113599.38,0
104100,843,Spain,Male,27,9,216354.26,1,1,0,17659.6,1
104101,353,Germany,Female,48,7,127839.7,4,0,1,36451.84,0
104102,442,Spain,Female,42,5,154736.62,3,0,0,107511.63,1
104103,355,Germany,Male,46,10,75651.41,1,1,1,197183.93,0
104104,637,Spain,Male,41,9,241674.4,1,0,0,176555.47,1
104105,495,Germany,Male,56,10,70462.74,2,0,0,74639.73,1
104106,773,France,Male,38,2,147219.5,4,1,1,113170.81,0
104107,806,Spain,Male,58,8,248354.18,2,0,0,115013.42,1
104108,551,France,Male,26,10,220273.6,3,0,0,140218.52,1
104109,561,Germany,Female,59,10,134082.46,4,0,1,140678.59,0
104110,355,Spain,Female,59,3,247593.63,2,1,0,160060.57,1
104111,725,Spain,Female,19,2,175342.47,3,0,1,14744.49,0
104112,796,France,Female,21,6,52175.1,1,0,0,189299.24,1
104113,455,Spain,Female,25,7,101399.05,3,1,0,23311.79,0
104114,750,Spain,Female,49,6,83623.33,3,1,1,100470.42,0
104115,445,France,Male,78,0,86003.43,3,1,1,184720.06,0
104116,737,Spain,Male,31,0,190114.11,4,1,0,102657.08,1
104117,801,France,Male,66,4,146065.73,1,1,0,22091.0,1
104118,765,France,Female,30,7,9523.18,4,1,1,53555.6,0
104119,853,France,Female,38,9,219362.12,1,1,1,119946.68,1
104120,803,France,Male,41,10,74199.04,2,0,0,26693.71,0
104121,640,France,Male,67,2,249268.72,2,1,0,90498.81,1
104122,883,Germany,Male,35,7,238547.68,3,1,0,72527.72,1
104123,542,Germany,Male,62,2,235132.68,3,1,1,164889.45,1
104124,499,France,Male,57,3,202781.9,4,0,0,30925.07,1
104125,864,Germany,Female,43,9,55153.33,1,0,1,139731.71,0
104126,742,Germany,Female,49,6,133158.19,1,1,0,87251.92,1
104127,665,Spain,Female,61,2,56075.66,1,1,1,121672.63,0
104128,425,France,Male,74,3,64918.86,3,1,0,49051.04,1
104129,619,Germany,Female,72,7,152737.94,3,0,1,125843.7,1
104130,574,Spain,Male,73,3,10208.39,1,1,1,138055.77,1
104131,879,Spain,Female,70,8,242364.64,3,0,0,23344.0,1
104132,462,France,Male,50,3,229668.29,1,0,1,166625.41,0
104133,600,France,Male,69,3,95191.89,4,1,1,173638.28,0
104134,582,Spain,Female,48,4,128855.61,2,0,1,22075.27,0
104135,432,France,Female,35,0,116529.85,1,1,0,124605.62,1
104136,474,France,Female,52,6,220549.94,3,0,0,122862.18,1
104137,524,Spain,Female,29,8,172150.47,4,0,0,12367.1,1
104138,418,Spain,Female,68,8,69527.81,3,0,0,75045.82,1
104139,396,France,Male,42,0,111710.31,3,1,1,194095.9,0
104140,605,Germany,Female,62,5,107241.49,3,0,1,115535.64,0
104141,379,France,Female,48,2,239833.79,1,0,0,187310.24,1
104142,630,Germany,Male,27,3,43827.73,4,1,1,138372.48,0
104143,586,Spain,Female,64,7,22394.08,1,0,1,15394.2,0
104144,597,Germany,Male,69,3,220154.71,2,0,0,24765.51,1
104145,717,Spain,Female,51,7,224171.5,1,1,0,147214.0,1
104146,844,France,Female,68,3,217934.77,2,1,1,115367.88,1
104147,374,France,Male,20,8,127744.23,4,1,0,34158.82,0
104148,839,Spain,Female,63,5,164936.11,4,0,1,126671.91,0
104149,843,Spain,Female,56,0,140840.76,1,0,1,163954.6,0
104150,663,Spain,Female,25,9,17361.96,1,0,0,153066.66,0
104151,724,France,Female,78,1,148958.72,3,0,0,56770.87,1
104152,374,France,Male,49,6,3403.54,2,0,1,59057.04,0
104153,683,Germany,Male,60,9,81246.85,3,1,0,193889.18,1
104154,704,Spain,Female,46,6,233073.14,3,0,1,178606.91,0
104155,465,Germany,Female,39,2,76011.32,4,1,1,70484.09,0
104156,397,France,Male,37,0,234956.66,1,0,0,166570.35,1
104157,448,Germany,Male,23,7,62533.49,4,0,0,40730.32,0
104158,808,Germany,Female,78,9,78640.56,1,1,0,47399.81,1
104159,872,France,Male,60,10,157101.87,4,0,0,44427.25,1
104160,754,France,Male,66,10,190406.74,4,0,1,26666.95,1
104161,563,Spain,Male,46,9,125346.94,4,1,0,172388.84,0
104162,852,Germany,Male,59,6,220528.92,2,1,0,119973.31,1
104163,797,France,Female,73,9,10060.11,4,0,0,59201.66,1
104164,607,France,Male,34,7,230548.71,2,1,1,171244.46,0
104165,470,Germany,Female,48,0,49076.95,4,0,0,162502.88,0
104166,403,France,Female,70,2,221059.69,1,1,0,29180.79,1
104167,680,Spain,Male,51,1,100215.79,2,0,0,132386.48,1
104168,590,Spain,Female,55,0,208189.26,1,1,0,147148.38,1
104169,879,Germany,Female,74,4,167916.39,1,1,0,146007.19,1
104170,832,Spain,Male,54,2,43985.41,1,0,1,147397.11,0
104171,536,France,Male,21,9,229511.89,2,1,1,42196.98,0
104172,611,France,Male,79,7,61379.35,3,1,1,69866.43,0
104173,713,France,Female,19,5,61035.03,2,1,0,170393.92,0
104174,840,France,Female,29,9,203544.72,3,0,0,180694.43,1
104175,780,Germany,Female,52,8,26468.31,2,1,1,63045.89,0
104176,588,Spain,Female,23,8,55508.98,4,1,0,14373.71,0
104177,653,Spain,Male,73,10,125919.39,3,1,1,173355.72,0
104178,647,France,Female,63,5,207619.26,4,0,0,81647.45,1
104179,425,Germany,Male,25,1,36870.99,3,0,1,72598.08,0
104180,682,France,Male,38,8,136917.06,2,1,1,75929.94,0
104181,823,France,Male,70,1,177810.15,2,0,0,88982.32,1
104182,632,Germany,Male,75,2,215148.81,3,1,0,81870.66,1
104183,421,Germany,Female,63,5,233891.39,4,0,0,117621.87,1
104184,612,France,Male,78,1,196159.98,1,1,0,24998.65,1
104185,361,Spain,Female,52,4,163207.1,3,0,0,194592.64,1
104186,490,France,Male,65,1,108405.02,3,1,1,187925.7,0
104187,366,Spain,Male,32,3,28027.54,4,1,0,187537.26,0
104188,412,Spain,Male,24,10,177434.3,1,0,1,177062.75,0
104189,602,Germany,Female,32,10,248184.33,3,1,0,135462.0,1
104190,814,Germany,Male,62,2,184190.15,1,1,1,52010.63,1
104191,725,France,Male,23,4,4177.77,1,1,1,19401.86,0
104192,869,Spain,Male,64,5,124064.99,2,0,1,28871.0,0
104193,439,Spain,Male,34,6,153661.66,4,1,0,71558.58,1
104194,524,France,Female,21,9,172418.55,3,1,1,105737.77,0
104195,425,France,Female,39,7,179931.46,3,1,0,198718.08,1
104196,749,France,Male,49,8,139527.11,1,0,1,92734.26,0
104197,420,Germany,Male,76,3,55840.08,3,1,0,109682.76,1
104198,529,France,Female,39,3,235550.17,1,0,1,142079.88,1
104199,473,France,Female,44,6,174166.62,3,1,0,44339.45,1
104200,730,Spain,Female,63,9,59210.01,4,0,0,187237.13,1
104201,642,France,Male,32,9,80580.46,3,0,1,110516.58,0
104202,544,Spain,Female,77,10,230481.92,1,0,1,62488.71,1
104203,577,Spain,Male,61,8,221871.3,1,1,0,187670.71,1
104204,780,Germany,Female,68,10,101286.61,3,0,1,128835.62,0
104205,785,France,Female,39,1,9576.81,3,0,0,101901.05,0
104206,810,France,Male,45,10,12124.34,1,0,0,120229.62,1
104207,370,Spain,Female,59,5,70979.57,2,0,1,152177.42,0
104208,413,Germany,Male,55,9,157280.55,2,0,0,39362.22,1
104209,514,Germany,Female,77,9,146048.66,3,0,1,174317.78,0
104210,376,France,Male,74,7,158456.95,4,0,0,192306.29,1
104211,660,Spain,Female,26,4,179320.74,3,0,0,117729.93,1
104212,634,France,Female,51,4,4758.06,4,0,0,139631.46,1
104213,630,France,Male,53,7,26271.4,3,1,0,173368.36,1
104214,513,France,Male,26,0,89870.86,1,0,1,81214.02,0
104215,573,France,Male,32,5,38715.0,3,0,0,198638.04,0
104216,495,Spain,Male,79,9,18830.01,4,0,1,139295.26,0
104217,379,Germany,Female,62,8,160241.1,4,0,0,90559.75,1
104218,394,France,Female,37,5,203834.12,3,0,0,138694.22,1
104219,820,France,Female,25,6,188156.66,3,0,1,109119.21,0
104220,383,France,Female,75,3,204259.94,2,0,0,31211.9,1
104221,776,France,Female,45,9,166464.14,3,1,0,161214.41,1
104222,570,Germany,Female,68,0,183836.33,3,1,1,117231.36,0
104223,883,Germany,Male,36,8,67944.69,1,1,0,161210.66,1
104224,716,Germany,Female,74,5,248252.01,4,0,0,39433.27,1
104225,899,Germany,Female,33,2,45791.41,2,0,0,112287.86,0
104226,465,France,Male,28,3,53623.47,1,1,1,155658.61,0
104227,588,Spain,Female,59,9,72230.46,3,1,1,197777.87,0
104228,684,Germany,Female,25,5,243833.11,4,0,1,178035.48,0
104229,790,Germany,Female,50,5,247072.15,3,0,1,174226.43,0
104230,497,France,Male,27,8,198723.44,3,1,1,57017.43,0
104231,358,France,Male,79,3,157264.4,3,1,1,169217.07,1
104232,637,France,Female,35,4,130015.64,3,1,1,42163.44,0
104233,737,France,Male,52,4,242655.21,4,1,1,47640.46,1
104234,399,Spain,Female,79,2,173905.7,1,0,0,30922.18,1
104235,866,Spain,Female,60,1,236182.53,3,1,1,172943.34,1
104236,627,Germany,Female,67,7,79137.7,3,1,0,30568.35,1
104237,649,Spain,Male,20,9,83443.7,2,0,0,36241.18,0
104238,484,Germany,Female,57,8,213681.15,2,1,0,56718.56,1
104239,496,Germany,Female,44,9,37463.73,4,1,0,118805.86,0
104240,839,Spain,Female,76,10,236481.97,3,1,0,177234.24,1
104241,827,Germany,Female,45,8,126868.59,3,0,1,89463.35,0
104242,508,France,Female,63,4,231603.47,3,0,1,113794.33,0
104243,733,Germany,Male,23,10,84198.2,4,1,0,41632.99,0
104244,512,France,Female,64,8,178989.73,4,0,1,60529.71,1
104245,790,Spain,Male,31,3,120718.78,3,0,1,35445.89,0
104246,538,Spain,Female,24,1,156700.91,3,1,1,87884.58,0
104247,764,Germany,Male,27,2,126093.12,4,0,1,122163.78,0
104248,688,France,Female,32,0,241778.9,3,1,1,63963.71,0
104249,530,Germany,Female,48,4,173026.35,1,0,0,170739.21,1
104250,637,Spain,Male,46,0,62829.74,1,1,0,196435.29,0
104251,536,Germany,Male,59,10,227419.23,4,0,0,32829.42,1
104252,487,Germany,Female,71,0,73507.43,1,0,0,13393.41,1
104253,479,France,Male,34,10,92901.27,2,1,0,160057.61,0
104254,543,Spain,Male,76,10,25530.92,3,1,1,46222.11,0
104255,665,Germany,Female,68,6,224991.63,2,1,1,77097.85,1
104256,493,France,Female,46,1,71528.01,2,1,0,84903.93,0
104257,365,Germany,Female,66,7,64729.4,2,0,0,184153.88,1
104258,651,France,Female,61,5,230065.65,1,0,1,135179.26,1
104259,772,France,Female,32,3,201381.72,3,1,1,17715.8,0
104260,594,Germany,Male,43,8,35269.73,3,0,0,12813.95,0
104261,456,Spain,Female,29,9,192331.13,4,1,0,47917.94,1
104262,437,Spain,Male,42,7,228258.27,2,0,1,70452.67,0
104263,478,France,Female,78,9,19627.8,1,1,1,102059.53,1
104264,690,Spain,Female,58,2,206303.75,2,0,0,169189.49,1
104265,353,France,Male,22,2,136855.01,2,1,1,69815.37,0
104266,676,Spain,Female,21,3,167299.36,3,0,1,81542.07,0
104267,759,Germany,Male,61,8,123213.58,4,0,0,72574.21,1
104268,655,Spain,Male,65,8,174450.77,1,1,1,11703.41,1
104269,574,France,Male,58,4,8524.47,3,0,0,191488.29,1
104270,697,France,Female,74,8,190676.68,2,0,1,36409.22,1
104271,670,Spain,Female,48,5,8335.92,3,1,0,64656.82,0
104272,530,Germany,Female,20,7,113824.96,2,1,1,34567.63,0
104273,735,France,Female,70,10,37741.25,1,1,1,103203.2,1
104274,457,France,Female,20,7,205893.57,3,1,0,187111.56,1
104275,880,France,Female,43,9,78415.23,3,0,0,29133.14,0
104276,759,France,Male,67,6,113523.39,3,1,1,93770.42,0
104277,645,France,Female,34,3,107187.69,3,1,0,14251.22,0
104278,520,Germany,Female,77,3,193125.49,3,1,0,156470.66,1
104279,680,Spain,Female,27,5,120286.09,1,0,1,131832.97,0
104280,842,Germany,Female,19,8,197239.58,4,0,1,142942.75,0
104281,544,Germany,Male,41,6,18377.07,1,0,1,99743.91,0
104282,361,France,Male,28,4,47898.49,3,0,0,182450.28,0
104283,544,Germany,Male,41,4,137883.56,2,1,1,87815.92,0
104284,839,France,Male,52,7,236772.08,2,0,1,107676.16,1
104285,531,Germany,Male,40,5,18689.46,3,0,0,142104.95,0
104286,665,France,Female,49,0,10771.05,4,1,0,108906.52,0
104287,379,France,Male,40,0,39137.67,3,1,0,45973.77,0
104288,445,Germany,Male,51,8,160288.28,1,0,1,70243.42,1
104289,730,Germany,Female,58,7,99748.23,4,1,0,27535.95,1
104290,793,Spain,Female,36,5,206388.09,4,0,1,92196.56,0
104291,647,Spain,Male,19,0,17983.29,1,0,1,125784.5,0
104292,710,Spain,Female,77,1,49103.52,4,0,1,32520.69,0
104293,723,Germany,Female,68,9,75006.6,3,1,1,129811.55,0
104294,652,Germany,Male,19,2,156682.52,3,1,0,179645.71,1
104295,770,France,Female,32,9,171293.17,2,0,0,74167.51,1
104296,595,Spain,Male,73,2,31050.82,1,0,0,52186.29,1
104297,586,France,Male,38,1,235951.18,4,1,0,179671.15,1
104298,883,France,Female,52,1,85261.03,4,0,1,141469.59,0
104299,534,France,Male,22,5,178292.19,4,1,0,30025.02,1
104300,817,France,Male,60,6,131051.93,3,1,1,87541.27,0
104301,712,Spain,Female,44,3,55689.53,1,1,0,138077.02,1
104302,632,France,Female,41,0,211557.08,3,1,0,119132.94,1
104303,685,Germany,Female,24,5,204559.51,4,0,1,127523.95,0
104304,511,Germany,Female,23,6,99017.96,3,1,1,117755.68,0
104305,509,Germany,Male,63,3,147151.9,4,1,1,161631.66,0
104306,823,Spain,Female,78,5,64456.42,4,1,0,70881.12,1
104307,671,France,Female,50,8,172462.91,3,0,1,144607.85,0
104308,361,Spain,Male,75,3,77256.7,4,0,0,198305.09,1
104309,773,France,Male,66,9,211019.68,3,0,1,84092.18,1
104310,422,Spain,Male,34,3,54346.28,2,0,0,160299.18,0
104311,550,Spain,Male,63,9,3700.86,3,0,1,56760.76,0
104312,871,France,Female,59,4,67127.01,2,1,1,63560.38,0
104313,854,Spain,Female,47,2,47763.12,2,0,1,187624.14,0
104314,388,France,Male,25,9,127071.61,3,0,1,14928.29,0
104315,409,Germany,Male,57,1,50925.82,1,1,0,51311.2,1
104316,670,Germany,Male,63,8,190797.47,1,0,0,101754.93,1
104317,784,Germany,Male,24,0,60342.66,3,0,0,86351.05,0
104318,757,Spain,Female,23,4,176742.04,3,1,0,129542.25,1
104319,735,Germany,Male,21,4,144617.73,4,0,1,46617.19,0
104320,427,France,Female,18,7,246562.46,4,0,1,23403.93,0
104321,543,Germany,Male,32,5,249975.24,3,1,0,80173.35,1
104322,634,Germany,Female,48,5,217381.52,1,0,0,109627.5,1
104323,876,Spain,Female,42,5,189995.84,4,0,0,116780.35,1
104324,873,France,Female,64,3,96614.1,4,1,0,124283.77,1
104325,505,Spain,Female,50,0,188319.18,1,0,0,114245.78,1
104326,689,Spain,Male,69,2,239168.88,3,0,1,56692.87,1
104327,474,France,Female,52,9,5844.39,1,0,1,155264.45,0
104328,629,Spain,Male,72,10,134478.68,2,0,0,26678.25,1
104329,477,France,Female,22,5,54499.58,4,0,0,47687.24,0
104330,663,Germany,Female,22,4,139469.08,4,1,1,150481.82,0
104331,681,France,Male,53,9,116611.77,4,0,0,63147.97,1
104332,499,France,Male,34,0,143942.15,1,1,0,103759.95,1
104333,803,France,Female,70,4,137740.56,1,0,1,72167.57,0
104334,385,Spain,Female,69,1,240026.76,3,0,1,106326.43,1
104335,769,France,Male,31,0,138046.53,4,1,1,75864.6,0
104336,371,France,Female,75,3,211558.02,2,1,0,198899.52,1
104337,555,France,Male,46,5,79955.07,3,1,0,77920.74,0
104338,705,Germany,Male,25,6,109525.17,1,0,1,129139.39,0
104339,789,France,Male,51,8,117603.37,2,0,0,178785.21,1
104340,445,Spain,Female,57,4,69682.01,3,1,0,131207.65,1
104341,513,France,Female,18,7,94947.57,1,0,0,117512.88,1
104342,497,France,Male,46,7,149628.27,2,0,0,118153.6,0
104343,879,Germany,Male,53,10,145046.94,3,0,0,104327.54,1
104344,643,France,Male,68,8,159108.84,2,0,1,163440.28,1
104345,544,Spain,Male,54,2,87954.48,1,0,0,19580.57,1
104346,829,France,Female,46,2,78957.87,3,1,1,178174.68,0
104347,472,Spain,Male,22,8,152904.47,1,0,1,121395.52,0
104348,749,Germany,Female,70,6,33215.44,4,1,0,171285.91,1
104349,801,France,Male,49,3,63257.89,4,0,1,11974.61,0
104350,453,Germany,Female,77,0,10531.93,2,0,1,175162.52,0
104351,811,France,Female,69,6,18152.71,4,0,0,32826.13,1
104352,745,Spain,Female,41,9,60845.82,1,0,1,147031.42,0
104353,686,Germany,Female,36,5,4882.32,2,1,0,89139.06,0
104354,491,France,Female,29,2,61352.65,3,0,0,139403.75,0
104355,666,Spain,Male,69,4,163744.08,1,0,1,129356.05,1
104356,876,Germany,Male,18,2,15276.77,3,1,0,41045.34,0
104357,750,France,Female,24,7,109184.17,3,0,1,107776.62,0
104358,659,Germany,Male,34,4,228277.2,3,0,1,62673.79,0
104359,844,France,Male,51,9,197821.21,3,0,0,116483.0,1
104360,458,Spain,Male,60,9,76359.38,1,1,0,150220.62,1
104361,721,Spain,Male,24,5,231201.37,4,0,0,25439.1,1
104362,555,Germany,Male,34,1,82411.62,1,1,0,107994.86,1
104363,392,Germany,Male,76,7,18128.87,4,1,0,127349.67,1
104364,594,France,Male,20,8,248513.99,3,0,0,66119.82,1
104365,636,Spain,Female,46,2,217505.63,4,0,0,191070.66,1
104366,704,France,Male,39,5,116483.2,3,0,0,108857.54,0
104367,825,Spain,Male,55,5,166594.13,2,0,0,44678.25,1
104368,432,Germany,Male,71,1,167807.02,3,1,0,30479.77,1
104369,459,France,Female,60,9,48620.56,4,0,1,112915.31,0
104370,539,France,Female,46,7,50012.16,2,0,1,81295.29,0
104371,600,Spain,Male,67,4,117395.18,2,0,0,46583.95,1
104372,640,Spain,Female,67,10,227893.29,3,1,0,15832.71,1
104373,550,Spain,Female,71,10,2498.44,1,0,0,117654.02,1
104374,675,Germany,Male,59,7,195626.41,4,0,0,123734.04,1
104375,860,France,Female,22,7,14381.7,2,0,0,36942.49,0
104376,758,Spain,Male,47,2,119555.53,1,0,1,124330.23,0
104377,857,Germany,Female,40,4,159468.21,3,0,0,190874.82,1
104378,421,Spain,Male,72,6,171689.82,3,0,0,195876.17,1
104379,596,France,Female,38,4,14619.82,3,0,1,178813.66,0
104380,693,Spain,Male,73,5,104650.9,3,1,0,163344.93,1
104381,403,France,Male,43,1,145959.32,4,1,0,49779.89,0
104382,877,Germany,Female,71,7,16511.38,2,0,1,39722.68,0
104383,881,Germany,Male,64,4,33773.64,4,0,0,94540.04,1
104384,542,Spain,Male,38,5,165912.25,2,0,0,127730.03,1
104385,407,France,Female,37,0,130409.55,1,1,1,171628.95,0
104386,786,France,Male,40,9,40457.17,1,0,0,54072.98,1
104387,460,France,Male,21,1,133809.83,2,0,1,101133.1,0
104388,478,Spain,Female,38,10,228173.09,3,1,0,133013.65,1
104389,675,France,Male,38,3,3896.9,1,1,1,94662.83,0
104390,357,France,Female,18,10,160658.44,4,0,1,96296.8,0
104391,378,France,Male,32,8,18412.61,2,0,0,52772.26,0
104392,461,France,Female,34,5,1612.36,1,1,1,197465.57,0
104393,480,Spain,Female,68,7,37663.62,2,1,1,100286.72,0
104394,537,Spain,Male,31,1,105726.66,3,1,0,111220.97,0
104395,824,France,Female,76,9,200586.0,2,1,1,51526.27,0
104396,713,France,Male,36,4,70446.37,1,0,1,107685.98,0
104397,553,Germany,Male,67,0,156418.3,2,0,0,58516.42,1
104398,561,Germany,Female,77,3,102789.16,1,1,1,48443.89,1
104399,625,France,Male,51,9,58582.95,1,0,0,62387.23,1
104400,422,France,Male,23,0,128561.78,1,0,1,10524.33,0
104401,592,Germany,Female,62,10,199366.12,4,1,1,118328.71,1
104402,451,Germany,Male,66,10,208123.09,3,1,1,83621.2,0
104403,520,France,Male,23,8,211629.88,3,1,1,180750.91,0
104404,537,Spain,Female,70,1,84639.45,2,0,0,17734.36,1
104405,790,Spain,Male,71,6,198364.02,2,0,1,18208.06,1
104406,435,France,Male,22,2,53044.61,1,0,0,178315.97,1
104407,825,France,Female,24,1,184606.28,3,1,0,34062.48,1
104408,401,Germany,Male,50,3,237096.11,2,0,1,10410.42,0
104409,460,Germany,Male,30,6,3435.96,2,1,0,43993.63,0
104410,392,Spain,Female,68,6,110090.98,3,0,1,166536.47,0
104411,560,France,Male,71,8,161942.75,1,1,0,162515.68,1
104412,549,Germany,Male,18,2,175443.94,2,0,1,74625.12,0
104413,375,Spain,Female,30,6,44021.94,1,0,0,136925.87,0
104414,648,Spain,Female,60,5,243045.82,3,1,0,106377.44,1
104415,426,Spain,Male,44,9,153816.34,3,1,1,181899.65,0
104416,486,Germany,Male,24,6,41085.15,2,0,1,20720.46,0
104417,369,Germany,Female,69,6,5130.63,2,0,0,164504.03,1
104418,789,France,Male,20,9,195816.05,3,1,0,42413.75,1
104419,560,France,Male,75,4,19926.18,1,0,0,84407.97,1
104420,784,Spain,Male,42,8,35262.73,1,0,0,46471.86,1
104421,556,Spain,Female,50,6,143707.51,4,1,0,143496.74,0
104422,788,Germany,Male,57,6,150876.38,3,1,0,138881.97,1
104423,391,Germany,Male,34,2,171721.78,2,0,1,114100.54,0
104424,760,France,Female,62,0,98378.5,3,1,1,142650.98,0
104425,872,France,Female,31,4,193474.67,2,0,1,131517.31,0
104426,776,France,Female,54,7,243589.65,1,0,0,157523.99,1
104427,624,Germany,Male,75,4,67773.74,2,1,0,55487.26,1
104428,797,Spain,Male,73,9,175757.15,4,0,1,91493.4,1
104429,718,France,Female,71,2,232117.16,1,0,1,38809.04,1
104430,569,France,Male,40,8,171571.69,4,0,1,91622.78,0
104431,581,Germany,Male,76,1,170277.37,3,0,1,143321.43,1
104432,677,France,Male,41,2,55943.14,2,0,1,141364.32,0
104433,792,Spain,Male,46,3,133782.55,1,1,1,144791.11,0
104434,401,Germany,Female,55,9,140630.71,2,1,1,68665.83,0
104435,725,France,Female,76,0,175032.39,4,0,1,135820.66,1
104436,612,France,Male,71,10,249205.36,1,0,0,79818.6,1
104437,616,Germany,Female,44,3,8410.96,4,1,1,189453.49,0
104438,708,Germany,Male,55,3,16308.17,1,0,1,75239.61,1
104439,666,France,Male,70,8,19487.52,3,1,1,124573.46,0
104440,673,Spain,Female,57,7,185744.78,3,1,0,152527.69,1
104441,770,Germany,Female,62,1,34088.45,2,1,1,182217.41,0
104442,395,Spain,Male,67,6,155612.97,4,0,0,93206.43,1
104443,618,France,Male,40,5,81167.22,4,0,0,78492.17,0
104444,730,Spain,Male,48,6,114329.99,1,0,0,91705.35,1
104445,467,France,Male,53,10,53915.79,3,0,0,71502.31,1
104446,465,France,Female,34,3,216526.64,2,1,0,134245.65,1
104447,609,France,Female,78,4,146537.58,3,0,1,187216.19,0
104448,424,France,Male,54,5,236140.82,4,0,1,33953.49,1
104449,829,Spain,Male,20,8,143649.06,2,0,0,116575.19,0
104450,654,France,Female,53,1,30977.01,3,1,0,180553.26,1
104451,356,France,Male,72,10,42717.61,3,0,0,29021.76,1
104452,715,Spain,Female,22,8,247268.49,1,1,0,103834.43,1
104453,872,Germany,Male,63,9,181391.3,1,0,0,174393.62,1
104454,697,Spain,Female,32,0,12319.69,4,0,1,181085.92,0
104455,787,Spain,Male,69,3,175945.25,3,0,0,107726.91,1
104456,564,Spain,Male,66,4,103043.26,1,0,0,14740.86,1
104457,778,France,Male,23,8,76802.1,3,0,0,30071.44,0
104458,847,France,Female,76,5,38515.2,2,1,1,121476.18,0
104459,889,France,Female,27,3,209975.99,3,0,1,33533.14,0
104460,716,Germany,Male,71,1,15960.34,3,1,1,38389.38,0
104461,662,France,Male,49,4,72458.87,4,0,0,156702.25,0
104462,887,Germany,Male,40,7,76595.72,2,0,0,152631.49,0
104463,403,France,Male,65,7,40226.32,2,1,1,170126.82,0
104464,890,Spain,Female,34,5,127046.22,1,0,1,30089.68,0
104465,816,France,Female,63,10,2925.66,2,1,1,47647.53,0
104466,513,Germany,Female,37,0,75243.88,4,1,0,168262.67,0
104467,683,Germany,Male,61,7,233407.36,1,0,0,147006.65,1
104468,896,France,Male,58,3,77632.39,3,0,1,163131.66,0
104469,697,Spain,Female,32,1,90114.85,2,0,1,198051.68,0
104470,622,France,Male,61,0,118291.26,3,0,0,174242.01,1
104471,763,France,Female,63,6,140423.34,1,0,1,108888.02,0
104472,849,France,Female,75,1,202177.16,2,1,0,69045.96,1
104473,442,Spain,Female,39,3,47580.31,1,1,1,118238.55,0
104474,428,Germany,Female,67,3,217936.59,1,0,0,131331.44,1
104475,566,Spain,Male,69,9,189387.34,2,0,0,73709.31,1
104476,707,Germany,Female,23,0,180662.58,2,1,1,156478.04,0
104477,856,Germany,Male,21,1,21701.14,1,1,0,27623.22,1
104478,530,Germany,Female,75,0,5410.17,4,1,0,158084.64,1
104479,595,Spain,Female,40,5,148503.18,2,0,1,16079.72,0
104480,593,France,Female,61,2,215783.49,1,0,0,104613.55,1
104481,855,France,Female,62,0,146110.37,3,1,1,173672.93,0
104482,771,France,Male,36,7,53308.72,3,1,0,26434.1,0
104483,669,France,Male,71,3,22629.97,2,0,1,108370.4,0
104484,436,France,Male,62,9,174899.11,2,1,0,40284.37,1
104485,566,Spain,Male,48,6,180442.57,3,0,0,180014.99,1
104486,839,Spain,Female,61,9,43132.93,1,1,1,168145.65,1
104487,868,Spain,Male,69,1,7047.58,1,0,1,187444.28,0
104488,627,Spain,Male,20,5,102070.88,1,1,0,176246.64,1
104489,518,Spain,Female,45,5,145679.68,4,1,1,149945.13,0
104490,679,Spain,Male,20,6,176500.6,2,1,1,45128.95,0
104491,790,Spain,Male,31,0,202486.25,4,1,0,67475.5,1
104492,740,France,Male,35,0,152634.36,4,0,1,104402.48,0
104493,845,Germany,Male,44,1,27720.15,4,1,0,121890.39,0
104494,730,Spain,Female,68,10,170645.42,4,0,1,158614.85,1
104495,655,Germany,Female,78,1,246044.16,1,1,0,53122.33,1
104496,862,Spain,Male,77,4,226396.15,2,1,1,34372.7,1
104497,537,Spain,Female,79,0,217917.23,2,0,0,101695.93,1
104498,865,France,Male,27,10,75542.54,4,1,0,39989.87,0
104499,776,Germany,Male,66,1,187697.04,2,1,1,141809.99,1
104500,851,France,Male,32,5,212775.86,3,0,1,119369.87,0
104501,609,France,Female,36,2,169581.55,1,1,0,150810.48,1
104502,862,Germany,Female,26,3,62640.44,2,1,1,22052.95,0
104503,420,France,Female,21,0,238458.49,1,1,0,193292.54,1
104504,827,Spain,Female,32,4,112704.85,3,0,0,10001.05,0
104505,527,Spain,Female,68,3,32451.39,1,1,1,71834.06,0
104506,806,Spain,Female,65,7,27444.47,3,0,1,139130.61,0
104507,538,Spain,Male,25,2,161879.75,4,0,1,18576.99,0
104508,640,Spain,Female,66,9,109427.41,2,0,0,25836.42,1
104509,869,France,Male,70,0,23620.97,4,0,1,24569.47,0
104510,641,France,Male,18,9,185091.14,2,1,1,120486.85,0
104511,632,Spain,Female,24,4,199831.29,4,1,1,180225.81,0
104512,893,Spain,Male,70,0,181353.91,3,0,0,115533.03,1
104513,726,France,Male,48,10,50565.22,2,1,1,124678.56,0
104514,505,Germany,Male,35,4,172443.86,4,1,1,75740.31,0
104515,857,France,Female,29,8,2680.7,1,1,0,13560.82,1
104516,762,France,Female,65,4,76278.03,1,1,1,14106.8,1
104517,877,France,Male,47,1,99705.38,4,1,0,178778.89,0
104518,704,France,Female,50,1,208811.74,3,1,1,29488.76,0
104519,536,France,Male,76,9,97598.59,4,0,0,199959.98,1
104520,380,Germany,Female,64,8,2817.36,1,1,0,41240.3,1
104521,609,Spain,Male,24,4,88086.6,2,0,0,138180.54,0
104522,770,Spain,Male,45,10,124731.02,2,1,1,190301.54,0
104523,878,Germany,Female,66,7,237251.2,4,0,1,78834.96,1
104524,653,Spain,Female,20,9,235258.58,2,1,0,149542.31,1
104525,388,Spain,Female,60,3,45218.51,1,0,1,76662.76,1
104526,838,Spain,Female,23,1,46286.64,2,0,1,67938.8,0
104527,891,Germany,Female,48,3,40845.36,4,1,1,48342.78,0
104528,627,Germany,Male,55,10,197230.48,4,1,0,165977.63,1
104529,552,Spain,Male,32,3,1505.51,4,0,1,58903.54,0
104530,415,Spain,Male,24,10,31794.3,1,1,0,63800.05,1
104531,457,Spain,Female,60,8,134489.91,3,1,0,199804.25,1
104532,617,France,Female,47,9,61890.52,2,1,1,72188.98,0
104533,571,France,Male,44,10,23089.11,4,1,1,90327.15,0
104534,879,France,Male,34,5,89969.5,3,0,0,198110.54,0
104535,439,Germany,Male,72,9,68551.9,4,1,1,80167.07,0
104536,604,Spain,Male,35,5,127776.08,4,1,1,79568.88,0
104537,804,Germany,Female,39,4,244808.4,1,1,0,167265.75,1
104538,602,Germany,Male,78,5,31076.16,1,1,1,69266.77,1
104539,606,Germany,Female,73,0,93181.68,3,0,0,54419.36,1
104540,732,Spain,Male,78,4,232996.25,4,1,0,90409.95,1
104541,791,France,Female,70,5,219218.26,2,1,1,143121.75,0
104542,439,Spain,Female,43,7,98567.76,2,1,0,18216.17,0
104543,739,Spain,Female,68,3,174738.32,2,0,1,81044.05,1
104544,393,Germany,Female,44,4,21964.25,3,1,1,75786.53,0
104545,368,Germany,Male,57,3,178135.26,1,0,1,56515.49,1
104546,450,Germany,Male,41,6,243214.43,3,1,0,134314.59,1
104547,706,France,Male,69,9,134372.04,1,1,0,65098.12,1
104548,891,France,Female,25,5,124622.56,2,0,0,125279.0,0
104549,382,France,Male,38,3,46829.65,2,0,1,105824.0,0
104550,578,Spain,Male,46,5,158447.05,1,1,1,51266.08,0
104551,873,Germany,Male,60,3,147609.32,2,1,0,60647.55,1
104552,504,Spain,Female,38,7,162983.26,3,1,1,42414.01,0
104553,772,France,Female,20,10,6520.82,1,1,1,20759.55,0
104554,595,Germany,Female,48,2,137180.87,2,1,0,127645.81,0
104555,754,France,Male,72,7,148733.71,4,0,0,137829.85,1
104556,890,Germany,Male,44,1,51882.53,2,1,0,41540.0,0
104557,510,Germany,Male,63,5,52083.21,4,0,1,126924.55,0
104558,466,Spain,Female,44,7,69054.54,2,0,1,196596.1,0
104559,620,Spain,Male,26,0,177930.4,4,1,1,24136.4,0
104560,836,France,Female,74,5,151566.52,2,1,0,103170.47,1
104561,521,Spain,Female,50,8,211440.66,4,0,0,149277.26,1
104562,623,Spain,Female,50,9,73914.64,1,0,0,18741.75,0
104563,608,Spain,Female,43,9,228017.01,1,1,0,157871.96,1
104564,484,Germany,Male,45,1,185926.54,4,0,1,196107.14,0
104565,771,Spain,Male,61,10,98752.92,2,0,0,26812.69,1
104566,770,France,Female,60,0,23815.52,3,0,1,166223.68,0
104567,535,Germany,Male,48,1,64245.92,3,1,0,81930.49,0
104568,713,Germany,Female,70,4,239192.05,3,1,1,37382.08,1
104569,727,Spain,Male,18,5,77590.84,3,0,0,103706.71,0
104570,872,Germany,Male,37,0,82475.24,4,0,1,23588.56,0
104571,545,France,Female,29,6,47397.23,1,1,1,109199.27,0
104572,447,France,Female,34,10,201712.65,1,1,0,13677.79,1
104573,371,Germany,Female,32,3,68911.06,3,0,1,148436.17,0
104574,799,Spain,Female,51,8,82564.56,1,1,0,102714.24,1
104575,521,Spain,Male,67,5,103587.03,4,1,1,97198.54,0
104576,732,Germany,Female,33,8,108432.07,3,1,0,47276.38,0
104577,483,France,Male,21,0,102835.2,4,1,0,78640.0,0
104578,775,Germany,Female,25,3,125935.92,4,1,0,44555.19,0
104579,374,Spain,Male,51,1,203628.22,2,0,1,149724.12,1
104580,852,Spain,Female,63,5,204821.26,4,0,1,47814.81,1
104581,534,Germany,Male,42,3,199578.28,2,1,0,127183.13,1
104582,434,France,Male,32,8,25281.21,3,1,1,63125.43,0
104583,493,Germany,Male,45,2,199919.7,4,1,0,134826.62,1
104584,761,France,Female,26,0,30062.94,1,1,1,112686.44,0
104585,573,France,Female,19,10,31180.94,3,0,0,90453.34,0
104586,569,Germany,Female,34,10,236965.69,4,0,0,137870.16,1
104587,528,Germany,Female,75,0,204849.46,4,1,0,88987.19,1
104588,782,France,Male,27,8,138102.62,1,1,0,166060.41,1
104589,614,France,Male,26,8,218742.55,2,1,0,148623.71,1
104590,778,France,Male,48,4,247341.16,4,1,1,112721.41,0
104591,765,France,Female,19,1,152660.52,4,1,1,176641.53,0
104592,802,Spain,Male,41,8,153224.61,1,0,1,167483.75,0
104593,546,Germany,Male,79,7,188606.76,3,0,1,111049.48,1
104594,402,France,Female,36,10,58034.74,4,1,0,23005.06,0
104595,829,Germany,Female,34,9,41781.22,2,1,0,117539.31,0
104596,792,France,Male,60,9,189895.19,2,0,0,77498.83,1
104597,679,Germany,Female,66,5,86226.2,1,0,1,112621.46,1
104598,600,Germany,Female,27,6,33767.59,2,0,0,132954.79,0
104599,472,France,Female,67,5,78719.43,4,1,1,132519.33,0
104600,736,France,Female,72,4,89659.22,2,0,1,137969.57,0
104601,688,Germany,Male,45,3,241306.91,4,1,1,139061.04,0
104602,697,Germany,Male,55,6,174489.93,1,1,0,30763.47,1
104603,378,Germany,Male,65,3,132714.08,2,0,1,46425.34,0
104604,384,Spain,Male,45,9,242218.28,4,1,1,129802.79,0
104605,867,France,Male,76,9,225784.94,3,0,1,87552.75,1
104606,745,Spain,Female,67,9,128000.21,4,1,1,154941.81,0
104607,643,Spain,Male,69,8,226419.91,4,0,1,33732.76,1
104608,698,France,Male,67,4,101076.16,1,0,0,46389.37,1
104609,496,France,Female,18,7,57605.17,4,0,1,116108.28,0
104610,416,Spain,Female,77,5,58169.54,1,0,1,105142.12,0
104611,869,France,Female,20,3,165578.88,4,1,1,60615.46,0
104612,471,Germany,Male,32,2,125267.58,4,0,0,87585.22,0
104613,689,Germany,Female,69,10,164737.71,4,0,1,16646.44,1
104614,524,Spain,Female,27,5,171518.99,1,0,0,17037.24,1
104615,800,Spain,Female,38,0,5580.72,4,0,1,28036.13,0
104616,485,France,Male,54,1,13509.9,1,1,0,119590.57,1
104617,365,France,Female,32,6,133169.43,3,0,0,174106.12,0
104618,682,Spain,Female,40,3,47758.87,1,1,0,59442.42,1
104619,544,Spain,Male,31,4,158133.44,3,1,1,16448.57,0
104620,845,Germany,Female,32,10,138046.43,1,1,1,144639.15,0
104621,358,Germany,Male,27,9,146440.09,1,0,1,172516.93,0
104622,683,France,Male,73,0,75613.84,4,1,1,36252.83,0
104623,682,Germany,Female,26,1,159960.88,2,0,0,83292.06,1
104624,676,France,Male,61,3,207373.16,2,0,1,40160.0,1
104625,364,France,Female,56,7,249517.81,4,0,1,30207.91,0
104626,575,France,Female,22,9,209611.1,3,1,0,133152.02,1
104627,774,Germany,Female,42,3,139374.69,4,0,0,193831.93,0
104628,757,Spain,Female,73,2,48357.4,2,1,0,138851.47,1
104629,462,Spain,Male,59,2,170361.47,1,1,0,197114.79,1
104630,777,Germany,Female,74,4,234413.45,4,1,1,92535.1,1
104631,350,Spain,Female,43,2,52966.63,3,1,1,180595.26,0
104632,615,France,Female,25,7,63998.91,4,0,0,48966.0,0
104633,840,Spain,Male,39,4,37252.14,2,0,0,32401.83,0
104634,557,Germany,Male,69,6,184180.41,1,0,1,143478.81,1
104635,718,Spain,Female,42,10,101640.38,2,0,0,80567.58,0
104636,655,France,Male,65,7,15673.91,2,0,0,70360.64,1
104637,361,France,Male,29,4,218737.5,2,1,0,137543.31,1
104638,694,Germany,Female,26,7,139417.98,2,1,1,73361.97,0
104639,814,Germany,Female,27,2,82773.57,1,1,1,118786.05,0
104640,843,Germany,Female,65,6,85995.74,2,0,1,66896.47,0
104641,717,France,Female,27,7,72562.81,3,1,0,158913.94,0
104642,769,Spain,Female,26,6,113870.04,3,0,1,69353.78,0
104643,520,Spain,Male,79,1,84260.42,2,1,0,111648.89,1
104644,483,Germany,Female,43,7,136986.58,3,1,1,14403.46,0
104645,776,Spain,Female,52,5,193379.31,2,1,0,160428.85,1
104646,374,Spain,Female,44,9,168615.32,1,0,0,127864.18,1
104647,879,Germany,Female,77,2,73614.22,1,0,1,46525.04,1
104648,539,Germany,Female,48,3,132185.25,3,0,1,50920.94,0
104649,490,France,Male,36,6,210031.54,3,0,0,59873.65,1
104650,664,France,Female,60,2,17051.56,2,1,0,119540.72,1
104651,793,France,Male,55,0,19574.32,4,0,0,114180.1,1
104652,668,France,Female,23,5,139042.52,2,0,0,62034.11,0
104653,790,Spain,Female,32,2,159778.78,2,1,0,141871.84,1
104654,441,Spain,Female,46,10,52853.25,1,1,1,178917.82,0
104655,528,France,Male,64,9,186305.03,4,1,0,18267.94,1
104656,405,France,Female,62,5,161565.84,4,0,1,89267.36,0
104657,504,Germany,Female,71,9,230822.32,2,1,1,122768.82,1
104658,460,Spain,Female,22,2,42238.55,1,1,1,121422.69,0
104659,486,Spain,Female,31,5,187843.57,3,0,1,13711.72,0
104660,581,France,Female,70,10,20910.77,1,1,0,50007.55,1
104661,817,Spain,Female,19,3,141323.1,3,0,1,21747.84,0
104662,830,Germany,Female,79,3,137973.78,1,0,1,118103.36,0
104663,417,Germany,Male,40,9,97096.26,4,0,1,132624.08,0
104664,598,Spain,Female,61,9,211142.79,1,1,0,40351.01,1
104665,672,France,Female,69,10,1092.66,2,1,1,73272.11,0
104666,867,Spain,Female,63,1,130044.85,3,1,1,72662.71,0
104667,781,Germany,Male,36,3,54288.39,1,0,1,165762.44,0
104668,836,France,Male,41,10,185874.65,1,1,0,46985.29,1
104669,778,Spain,Female,37,3,10766.86,3,0,0,114179.68,0
104670,618,France,Male,64,10,207888.67,1,1,0,158757.75,1
104671,886,France,Female,44,6,209523.06,3,0,1,167619.86,0
104672,497,Germany,Female,69,4,208216.5,4,0,0,136647.56,1
104673,467,France,Male,41,7,38142.13,3,0,0,66910.27,0
104674,716,Spain,Female,34,6,157601.63,3,0,0,166378.85,1
104675,415,France,Male,42,9,3591.84,4,0,1,151011.55,0
104676,719,France,Male,63,8,211990.65,1,0,0,143849.14,1
104677,524,Spain,Male,72,7,180743.8,1,0,1,22793.73,1
104678,844,Germany,Female,48,8,132788.43,4,0,1,18220.33,0
104679,463,Germany,Female,45,0,182647.86,2,0,1,142119.41,0
104680,460,Spain,Female,67,9,23581.02,3,0,1,189511.01,0
104681,788,Spain,Female,76,2,132163.96,1,0,0,157007.55,1
104682,496,Germany,Female,45,4,72819.12,1,0,0,167980.36,1
104683,384,France,Female,39,8,243154.87,3,1,1,113546.63,0
104684,658,Spain,Female,73,7,214279.49,3,1,1,67871.37,1
104685,887,France,Male,76,9,183318.92,3,0,1,138770.01,1
104686,363,Spain,Female,22,6,233436.91,2,1,1,145274.47,0
104687,723,Germany,Female,71,1,86710.83,4,0,0,138318.01,1
104688,777,France,Female,61,10,225219.97,2,1,0,189874.72,1
104689,582,France,Male,59,5,81309.56,2,0,1,79764.02,0
104690,789,Spain,Male,25,3,183199.18,3,1,0,17534.93,1
104691,851,France,Male,78,4,184104.23,4,0,0,182604.43,1
104692,624,Spain,Female,55,4,4587.47,1,1,0,40494.83,1
104693,425,Germany,Male,45,3,90264.92,3,0,0,142490.48,0
104694,788,France,Male,74,3,4858.17,4,1,1,175908.84,0
104695,638,Spain,Female,64,3,249273.0,1,1,0,68926.87,1
104696,889,France,Female,29,10,30549.19,2,1,1,167778.9,0
104697,602,Spain,Female,74,1,135702.72,4,0,0,73091.04,1
104698,475,Spain,Male,42,0,197639.06,2,1,0,160909.01,1
104699,526,Spain,Female,55,1,50315.9,2,1,1,23267.67,0
104700,386,Germany,Female,61,6,121263.17,4,0,0,134496.17,1
104701,759,France,Female,32,0,151857.19,1,0,1,138656.24,0
104702,476,Germany,Female,61,5,40051.19,4,1,0,103370.91,1
104703,832,Spain,Female,58,3,194638.86,1,0,1,140547.26,1
104704,517,Spain,Female,68,1,74834.11,3,1,0,185404.9,1
104705,643,Germany,Male,70,2,52755.77,3,1,1,149432.42,0
104706,692,Germany,Female,51,6,139572.19,3,0,0,192646.25,1
104707,659,France,Male,77,5,102578.41,2,1,1,95236.34,0
104708,877,Spain,Male,62,5,230071.49,3,1,0,110375.24,1
104709,889,Germany,Female,30,7,220015.67,2,0,1,60110.35,0
104710,768,Spain,Male,25,7,120837.67,1,0,1,197264.32,0
104711,793,Spain,Male,76,5,89815.94,4,1,0,20475.98,1
104712,585,France,Male,30,0,81379.5,4,1,1,78137.88,0
104713,788,France,Female,53,9,66890.91,2,1,1,66562.46,0
104714,563,France,Male,23,6,136136.96,2,0,0,83437.23,0
104715,434,Germany,Male,55,7,201244.65,2,1,0,184366.39,1
104716,434,Spain,Male,49,4,77689.15,1,1,0,79927.2,1
104717,838,Germany,Male,38,10,47523.52,1,1,1,184225.56,0
104718,414,Germany,Female,61,3,118870.95,3,0,1,90434.38,0
104719,413,France,Female,61,6,17258.6,3,1,0,172406.07,1
104720,692,Spain,Male,66,10,175319.75,4,1,1,109132.52,0
104721,701,Spain,Female,76,5,129589.57,3,0,0,69157.04,1
104722,507,France,Female,24,5,124093.7,1,0,1,95376.46,0
104723,840,Spain,Male,43,2,75111.34,1,1,0,90632.41,0
104724,812,France,Female,32,10,226168.36,1,0,1,59383.67,0
104725,574,Germany,Female,73,9,22621.57,1,1,0,65031.36,1
104726,662,Germany,Male,66,3,217456.0,4,1,0,45426.25,1
104727,815,France,Male,59,4,94176.3,4,0,0,73840.11,1
104728,437,Germany,Female,40,8,220155.88,1,1,1,128637.1,0
104729,652,Germany,Female,69,7,182190.36,2,1,1,83446.05,1
104730,784,France,Female,55,2,26042.68,3,1,1,145341.41,0
104731,484,Germany,Female,58,5,207884.07,4,1,0,197525.85,1
104732,399,Spain,Male,32,9,170544.21,2,1,1,81649.21,0
104733,781,Germany,Male,65,0,8075.48,3,0,1,97901.45,0
104734,689,France,Male,70,2,33425.67,2,1,0,41180.93,1
104735,696,Spain,Male,57,9,158907.01,1,1,0,84520.9,1
104736,696,Spain,Male,33,6,165650.13,3,0,0,148098.17,1
104737,594,Germany,Female,49,6,186662.86,2,0,0,51306.91,1
104738,458,Spain,Female,54,1,180061.35,4,0,1,44590.27,1
104739,882,France,Male,35,2,164879.99,4,0,0,81511.23,1
104740,439,Spain,Male,37,6,191559.73,4,0,1,165543.4,0
104741,645,Germany,Male,63,5,143771.43,3,0,0,128494.87,1
104742,461,Germany,Female,19,6,65197.85,1,0,1,191940.08,0
104743,526,Spain,Female,72,9,228094.15,1,0,0,181862.68,1
104744,692,France,Female,40,8,4553.51,3,1,0,38716.07,0
104745,450,France,Male,47,7,91640.43,3,1,0,18085.03,0
104746,750,Germany,Male,20,5,182217.57,1,0,0,85828.0,1
104747,377,Germany,Male,63,3,106789.01,4,1,0,109195.1,1
104748,886,France,Male,78,9,6208.6,1,1,1,107958.42,0
104749,407,Spain,Male,56,8,16495.23,1,1,1,35480.38,0
104750,847,Spain,Female,64,6,162159.34,2,1,1,33715.31,1
104751,646,Spain,Male,66,4,241216.15,4,1,1,18903.54,1
104752,483,Spain,Female,18,1,137965.91,3,0,1,171663.39,0
104753,680,France,Female,58,8,126689.45,1,0,0,190071.39,1
104754,598,Germany,Female,39,6,79581.3,4,1,0,31980.15,0
104755,899,Germany,Female,46,8,64172.67,3,0,1,50493.25,0
104756,424,Spain,Female,31,10,5246.25,2,1,1,27073.95,0
104757,517,France,Male,65,8,68238.72,2,1,1,176725.41,0
104758,852,France,Male,45,9,112277.61,4,1,1,192154.66,0
104759,704,Spain,Male,38,4,49487.45,1,0,1,59741.35,0
104760,574,Spain,Female,62,6,21837.0,3,1,0,67680.93,1
104761,880,Spain,Female,49,4,179431.97,4,1,1,78907.24,0
104762,495,Germany,Female,23,2,223655.07,2,1,0,105468.11,1
104763,590,Spain,Female,71,9,234193.02,3,0,1,139667.59,1
104764,693,Germany,Female,18,7,154499.68,3,1,0,105834.21,1
104765,384,France,Female,38,7,13193.65,1,0,1,190690.3,0
104766,350,France,Male,74,8,185215.66,2,1,1,28979.76,1
104767,502,Germany,Female,21,10,27523.83,2,1,0,161735.05,0
104768,778,Germany,Female,20,5,167437.03,2,1,0,73551.79,1
104769,857,Germany,Male,66,1,194841.46,3,0,0,81734.06,1
104770,475,Germany,Female,47,2,181466.18,2,1,1,144677.59,0
104771,840,Spain,Male,48,10,237970.95,4,1,1,186581.65,0
104772,831,France,Male,51,9,184536.57,2,1,1,146078.15,1
104773,694,Spain,Male,36,10,173302.44,3,1,1,157413.51,0
104774,570,Germany,Female,37,5,65435.79,2,1,0,152648.06,0
104775,374,Spain,Male,40,0,231192.17,2,1,0,70985.94,1
104776,877,Spain,Male,71,1,44885.97,3,0,0,153816.78,1
104777,531,France,Female,76,7,226224.15,2,1,0,159058.94,1
104778,848,Spain,Male,57,10,78165.64,1,0,0,111346.06,1
104779,391,France,Female,79,7,32540.9,3,1,0,111983.69,1
104780,830,Germany,Female,42,5,206670.76,2,0,0,154346.95,1
104781,788,Spain,Male,32,2,623.86,1,1,1,165235.86,0
104782,751,Germany,Female,55,1,208022.08,4,0,1,74067.13,0
104783,895,France,Female,40,5,65577.96,3,1,0,162296.82,0
104784,694,Germany,Male,69,0,221180.32,2,0,0,164699.71,1
104785,394,Germany,Male,19,9,172869.8,3,1,1,54483.87,0
104786,370,France,Male,74,5,166545.83,1,0,0,146220.64,1
104787,419,Germany,Male,74,8,91329.89,3,1,1,45441.45,0
104788,397,Germany,Female,32,6,14850.74,4,1,1,27679.33,0
104789,840,Germany,Male,69,8,207518.27,2,1,0,119163.17,1
104790,636,Spain,Male,61,1,42725.95,4,0,1,182643.92,0
104791,359,Germany,Male,52,10,93064.66,1,0,1,16737.21,0
104792,891,France,Female,27,4,150088.67,3,0,1,167035.31,0
104793,623,Spain,Female,31,8,120563.43,2,1,0,106229.53,0
104794,730,Spain,Female,44,6,49665.16,2,0,0,173570.14,0
104795,678,France,Female,71,8,35154.09,1,1,1,170260.62,1
104796,828,Germany,Female,79,10,30811.57,1,1,0,176304.49,1
104797,364,Spain,Male,31,5,215751.97,3,1,1,156086.05,0
104798,865,Spain,Female,52,6,7889.89,2,1,1,170168.55,0
104799,540,Spain,Female,50,9,244253.56,1,1,0,43444.79,1
104800,517,Germany,Female,69,4,49632.17,2,1,1,67732.1,0
104801,870,Spain,Male,18,5,27580.57,3,1,1,56072.37,0
104802,486,France,Male,51,0,144242.91,4,0,1,151061.38,0
104803,503,Germany,Female,36,0,19996.49,1,0,1,39192.19,0
104804,737,France,Male,41,1,150613.32,3,1,1,44623.28,0
104805,558,France,Female,59,10,212656.66,4,1,1,177003.3,1
104806,621,Spain,Male,21,3,11974.51,3,0,1,144117.62,0
104807,492,Spain,Male,53,10,199967.15,1,1,0,176322.2,1
104808,418,Spain,Female,30,8,98619.36,3,0,0,36477.5,0
104809,596,France,Male,75,6,39872.66,2,1,1,85806.28,0
104810,610,Germany,Female,49,5,44024.12,1,1,0,63798.72,1
104811,428,Spain,Female,26,0,229691.14,2,0,1,11839.41,0
104812,874,Spain,Female,56,4,27651.44,3,0,1,64059.36,0
104813,679,France,Male,33,10,216695.7,1,1,1,82120.82,0
104814,538,Germany,Male,67,3,136061.16,2,1,1,27521.73,0
104815,444,France,Female,20,4,9764.04,2,0,0,117632.64,0
104816,357,Spain,Female,69,10,116119.04,2,0,1,82802.81,0
104817,416,France,Male,37,8,204362.38,4,0,1,18827.72,0
104818,845,Spain,Female,27,2,181550.7,2,1,0,143755.98,1
104819,540,Germany,Male,73,3,122195.6,2,0,0,148563.17,1
104820,715,France,Male,75,7,215012.47,3,1,0,168549.57,1
104821,870,Spain,Male,79,2,30091.19,3,0,0,102252.71,1
104822,466,Spain,Female,75,2,227485.26,3,0,0,194045.17,1
104823,616,Spain,Female,39,8,211610.3,3,0,0,183672.19,1
104824,834,Spain,Male,65,4,177069.21,4,0,1,114756.81,1
104825,858,France,Female,20,9,204471.94,3,1,1,94540.87,0
104826,647,Spain,Female,28,0,135953.88,3,1,0,10576.54,0
104827,513,France,Male,42,6,168790.61,3,0,0,145088.96,1
104828,725,Spain,Male,59,6,140149.52,2,1,1,117341.36,0
104829,617,France,Female,65,5,88857.13,4,1,0,188133.39,1
104830,898,France,Male,25,5,142215.2,3,1,0,122904.1,0
104831,423,Spain,Female,26,2,64366.33,2,0,0,198642.66,0
104832,857,Spain,Male,32,2,110069.79,1,0,1,172225.66,0
104833,422,Spain,Male,49,9,70193.85,4,1,0,191183.61,0
104834,657,Spain,Female,70,10,30721.95,3,0,1,72255.93,0
104835,548,Germany,Female,20,8,80465.46,2,0,1,38373.84,0
104836,479,Spain,Female,21,0,212996.8,1,0,1,161405.7,0
104837,836,Spain,Female,47,6,95270.19,1,0,0,159377.45,1
104838,500,Spain,Female,30,10,187000.91,2,1,0,50175.3,1
104839,555,France,Male,61,9,43799.46,2,1,1,155301.48,0
104840,528,Spain,Male,38,6,106104.79,4,0,1,120574.94,0
104841,546,France,Female,58,7,28714.02,2,1,0,30809.78,1
104842,438,France,Male,74,5,34655.27,3,1,1,105338.88,0
104843,783,France,Female,63,7,154359.09,1,1,0,186916.22,1
104844,532,France,Male,36,0,151870.45,3,1,1,106226.93,0
104845,558,Germany,Male,56,0,53342.98,3,1,0,159852.81,1
104846,842,Spain,Female,65,8,118605.8,3,0,0,15492.9,1
104847,479,France,Female,39,3,215826.54,1,1,1,148335.47,0
104848,362,Spain,Female,37,2,43550.38,1,1,1,189899.1,0
104849,455,France,Male,54,5,4802.63,1,0,0,104910.28,1
104850,724,Germany,Female,79,9,162998.79,2,0,1,74164.88,0
104851,448,France,Female,48,8,13374.55,3,0,1,132863.6,0
104852,541,Spain,Female,27,9,244985.06,4,1,1,184089.63,0
104853,674,Spain,Female,35,10,152405.07,2,1,0,43586.23,1
104854,816,Germany,Female,60,3,117599.09,2,0,1,86701.9,0
104855,716,Spain,Female,56,8,107498.14,4,1,1,39695.15,0
104856,667,Spain,Male,63,4,143267.66,3,0,1,104364.3,0
104857,493,France,Male,37,6,22656.11,4,0,1,112680.18,0
104858,733,Spain,Male,35,2,232504.76,1,1,0,189398.69,1
104859,565,France,Male,28,2,156410.52,3,0,1,88377.88,0
104860,710,Germany,Female,39,2,45994.62,2,1,0,117721.76,0
104861,673,Spain,Female,76,7,140645.26,1,0,0,178199.89,1
104862,364,France,Male,61,5,33314.13,1,0,1,71066.95,1
104863,566,Spain,Male,35,8,4388.18,2,0,1,138091.14,0
104864,841,France,Male,75,8,157629.25,4,1,0,153860.75,1
104865,896,Germany,Female,51,7,162120.84,1,0,1,72800.36,1
104866,532,France,Female,40,0,145924.15,1,0,1,41224.83,0
104867,619,Spain,Female,18,5,45870.8,3,0,0,105552.81,0
104868,816,France,Male,72,3,150857.46,3,1,1,77792.33,1
104869,868,Spain,Male,27,3,14127.74,2,1,1,60627.86,0
104870,891,Germany,Male,70,2,152309.59,2,1,1,194950.05,1
104871,816,France,Male,18,8,138504.25,2,1,0,105409.07,0
104872,654,Spain,Male,55,1,163813.71,4,1,1,172730.76,1
104873,493,Spain,Female,56,0,223868.9,1,0,0,47110.31,1
104874,460,Spain,Female,66,9,212589.53,2,0,0,188494.13,1
104875,581,France,Female,26,2,245163.55,3,0,0,160941.97,1
104876,849,France,Female,48,3,244060.26,1,0,1,163651.51,1
104877,622,France,Female,24,3,193079.92,2,1,1,84055.33,0
104878,522,Germany,Male,34,5,239104.91,1,0,0,102271.03,1
104879,356,Spain,Female,52,0,216820.97,1,1,0,122737.32,1
104880,504,Spain,Male,65,0,181895.61,1,1,1,160055.45,1
104881,871,Germany,Female,54,1,18846.06,2,1,1,171320.78,0
104882,895,Germany,Male,69,3,12262.47,1,0,0,24828.61,1
104883,897,France,Male,35,6,209399.89,1,1,1,181771.85,1
104884,867,France,Male,50,5,122413.96,1,0,0,188124.36,1
104885,564,France,Male,21,10,203651.67,3,1,0,122648.61,1
104886,483,France,Male,40,8,78229.57,2,0,1,45482.62,0
104887,634,France,Male,28,6,99412.46,4,0,1,165498.82,0
104888,475,France,Female,69,4,175046.68,3,1,1,114231.65,1
104889,788,Germany,Male,26,5,228831.68,1,1,0,165267.33,1
104890,501,Germany,Male,47,9,21940.37,1,0,1,164813.54,0
104891,680,Germany,Female,25,8,215369.54,4,0,1,26478.57,0
104892,887,Spain,Male,57,0,198253.18,4,1,0,125334.07,1
104893,732,Spain,Female,22,10,78884.82,3,1,0,101797.42,0
104894,464,France,Female,29,8,88804.15,1,1,1,189762.7,0
104895,831,Germany,Male,18,5,11615.37,4,0,1,66361.85,0
104896,633,Spain,Male,32,3,3935.15,3,1,0,49140.02,0
104897,424,Spain,Female,42,4,119251.53,4,0,0,180446.5,0
104898,515,Germany,Male,35,0,23884.91,1,1,1,38255.96,0
104899,538,Spain,Female,55,6,48500.45,1,1,1,140438.7,0
104900,427,Spain,Male,59,7,211691.8,1,1,0,67003.76,1
104901,370,Germany,Female,63,10,142757.1,1,0,1,117890.69,0
104902,533,Spain,Male,70,4,158408.11,2,0,0,127081.69,1
104903,571,Germany,Male,43,1,46869.83,2,0,0,89300.16,0
104904,677,Spain,Female,78,7,207165.45,2,0,1,195243.35,0
104905,528,Germany,Female,57,9,216994.94,3,1,1,35048.3,1
104906,461,Spain,Female,76,6,130831.9,3,1,0,84365.83,1
104907,408,Spain,Female,20,9,228139.44,4,1,0,91775.11,1
104908,676,Germany,Male,71,8,211207.16,4,0,0,129898.92,1
104909,540,Spain,Female,39,3,182831.04,3,0,1,87379.35,0
104910,549,Germany,Female,43,10,183518.98,4,1,0,28436.84,1
104911,661,Germany,Male,36,8,26348.37,3,1,0,190011.7,0
104912,384,Spain,Male,61,3,67709.01,2,0,0,89055.03,1
104913,728,France,Female,61,2,16711.8,3,0,1,75108.01,0
104914,736,Spain,Male,64,10,2170.3,3,0,0,94877.2,1
104915,586,France,Female,77,2,39577.38,4,0,1,51153.18,0
104916,868,France,Male,56,9,220121.8,4,1,1,29042.12,0
104917,632,Spain,Female,76,1,59968.51,3,0,0,38229.91,1
104918,350,France,Male,53,9,242538.49,1,1,0,41664.42,1
104919,813,Germany,Female,38,2,149322.75,4,1,0,47557.95,0
104920,579,Germany,Female,58,7,59314.62,3,1,1,89792.44,0
104921,521,France,Male,71,10,124282.7,4,0,0,128540.86,1
104922,436,Germany,Male,65,7,54773.71,1,1,1,129488.69,0
104923,472,Spain,Female,43,1,245993.39,4,1,1,10018.54,0
104924,647,Germany,Female,30,10,211816.25,3,1,1,184981.96,0
104925,833,France,Male,53,1,6559.7,3,0,1,166340.96,0
104926,514,Spain,Male,41,1,236944.01,1,1,1,193148.23,0
104927,732,Germany,Male,58,9,180266.28,3,1,1,78397.41,1
104928,558,Spain,Male,43,6,20595.31,1,1,0,136311.86,0
104929,781,France,Male,38,5,167659.44,3,0,0,41923.94,1
104930,738,Germany,Male,35,10,161731.67,3,0,1,165236.28,0
104931,573,Spain,Male,32,0,54697.19,4,1,1,40659.87,0
104932,352,Spain,Male,32,1,189611.68,4,1,0,71937.28,1
104933,721,Germany,Male,23,0,21766.18,1,0,0,103258.62,1
104934,795,Spain,Female,60,10,122361.3,4,0,0,122961.02,1
104935,465,Spain,Male,48,6,2480.8,2,0,0,116330.27,0
104936,619,France,Male,45,5,242184.37,1,1,1,29398.24,1
104937,796,France,Female,25,1,187890.91,2,0,0,90118.44,1
104938,717,France,Female,46,1,39713.02,1,0,1,185352.76,0
104939,602,France,Female,38,1,85418.51,2,0,1,175750.02,0
104940,666,France,Female,34,7,40140.59,4,0,0,122248.87,0
104941,764,France,Female,73,6,191654.37,4,1,0,118741.67,1
104942,444,Germany,Female,74,0,14724.08,3,0,1,31218.28,0
104943,373,France,Male,66,3,210101.66,2,1,1,48049.3,1
104944,399,Spain,Female,41,10,235549.08,3,0,1,58001.55,0
104945,851,Germany,Female,75,3,169156.99,1,1,1,102757.19,1
104946,847,Spain,Female,77,6,53241.36,2,1,0,148957.65,1
104947,684,France,Male,67,1,90022.52,3,1,0,97537.82,1
104948,428,France,Female,53,3,119309.97,1,1,0,33951.6,1
104949,376,Spain,Male,78,0,151156.19,2,0,0,93476.29,1
104950,620,Spain,Female,48,10,167165.77,3,1,0,40900.32,1
104951,596,Spain,Female,64,10,138553.68,2,1,1,152718.0,0
104952,736,Germany,Male,51,3,87828.48,2,1,1,41635.16,0
104953,710,France,Male,19,10,222729.32,3,1,0,101681.46,1
104954,837,Spain,Female,59,0,20348.01,4,1,0,141748.58,1
104955,701,France,Male,20,1,116564.01,4,0,1,53357.63,0
104956,605,Spain,Male,47,1,193891.21,3,1,1,24445.72,0
104957,571,France,Female,25,9,15218.17,1,1,0,117026.9,1
104958,350,Germany,Female,69,2,176333.8,3,1,0,20298.51,1
104959,895,France,Female,24,7,204927.91,3,1,1,121676.04,0
104960,795,Spain,Male,29,10,165207.82,2,1,0,153164.72,1
104961,428,France,Female,75,5,3234.22,4,0,0,72570.04,1
104962,585,Germany,Female,36,5,45034.26,4,0,1,102786.39,0
104963,683,Germany,Male,43,8,85528.27,4,0,1,186464.75,0
104964,698,France,Male,45,7,58422.51,4,1,1,99510.68,0
104965,447,Spain,Female,79,1,240663.04,3,1,0,199345.27,1
104966,431,Germany,Male,32,5,162898.48,2,0,1,39830.46,0
104967,851,Germany,Female,31,0,74242.74,4,1,0,144697.44,0
104968,826,France,Male,65,8,232424.37,4,0,1,133997.53,1
104969,899,Germany,Female,78,3,185148.55,2,1,0,175737.91,1
104970,363,Germany,Male,76,3,71151.8,3,1,0,27564.21,1
104971,741,Spain,Male,31,8,94720.39,3,1,1,63239.25,0
104972,696,Spain,Male,20,2,49857.21,3,0,0,35114.05,0
104973,659,Spain,Male,67,4,242768.5,4,0,0,187288.07,1
104974,735,France,Female,46,0,129324.12,4,0,1,91060.71,0
104975,558,Germany,Male,77,5,224014.17,4,0,0,182912.51,1
104976,706,France,Female,71,2,86624.94,3,0,1,65937.33,0
104977,443,Germany,Male,23,0,215210.4,4,0,0,34009.94,1
104978,442,Germany,Male,66,9,13471.71,1,1,1,66342.08,1
104979,689,Germany,Female,40,5,245522.58,2,0,1,123463.13,0
104980,794,Spain,Male,45,9,228008.59,1,0,0,170594.19,1
104981,371,France,Male,31,1,90800.74,1,0,1,83224.23,0
104982,640,France,Female,31,7,193680.54,4,0,1,183813.65,0
104983,834,Germany,Male,37,10,188064.48,2,1,0,56404.09,1
104984,655,France,Female,30,1,225313.7,1,0,1,141772.73,0
104985,477,Spain,Male,44,3,76813.75,3,0,1,149785.54,0
104986,622,France,Male,77,2,116380.0,3,0,1,62052.95,0
104987,791,Germany,Male,52,8,216249.9,3,0,1,15124.28,1
104988,852,Spain,Female,62,1,194644.86,3,1,0,79395.09,1
104989,479,Spain,Male,78,2,98366.68,2,1,1,18587.27,0
104990,481,Germany,Male,73,6,211431.31,3,1,1,181143.22,1
104991,831,France,Male,19,3,11738.51,2,0,1,191169.8,0
104992,739,Germany,Male,58,5,195511.58,2,0,0,149722.18,1
104993,674,France,Male,62,2,51691.46,2,0,0,148070.07,1
104994,418,France,Male,57,0,71530.23,2,1,1,55769.61,0
104995,797,Spain,Male,65,10,123303.71,4,1,1,24045.86,0
104996,877,Germany,Male,41,5,112433.63,1,0,0,162399.88,1
104997,514,Spain,Male,46,3,130142.53,4,0,1,116240.77,0
104998,837,Germany,Female,20,1,136193.9,1,0,1,139509.23,0
104999,775,Germany,Male,62,6,82881.92,4,1,1,158131.8,0
